date,open,high,close,low,volume,price_change,p_change,ma5,ma10,ma20,v_ma5,v_ma10,v_ma20
2019-07-05,3875.37,3900.31,3893.2,3857.93,740065.25,20.1,0.52,3906.562,3863.013,3784.618,1151150.44,1071638.53,1108297.92
2019-07-04,3895.2,3906.89,3873.1,3854.69,993422.56,-20.43,-0.53,3893.04,3857.087,3768.192,1172669.66,1151267.16,1114061.86
2019-07-03,3927.44,3927.44,3893.53,3878.84,1119926.0,-43.64,-1.11,3885.384,3852.629,3754.393,1184617.88,1220796.98,1108711.74
2019-07-02,3931.05,3942.43,3937.17,3918.94,1318635.0,1.36,0.04,3865.544,3834.87,3739.64,1124273.24,1234400.09,1096263.99
2019-07-01,3899.33,3936.67,3935.81,3886.91,1583703.38,110.22,2.88,3838.372,3807.915,3724.382,1108698.06,1173228.86,1080693.83
2019-06-28,3832.06,3835.23,3825.59,3803.05,847661.38,-9.23,-0.24,3819.464,3779.816,3709.081,992126.62,1087835.19,1046119.8
2019-06-27,3807.54,3854.08,3834.82,3805.83,1053163.62,40.49,1.07,3821.134,3762.745,3699.86,1129864.65,1104886.06,1050838.01
2019-06-26,3779.51,3809.76,3794.33,3771.72,818202.81,-6.98,-0.18,3819.874,3747.802,3691.315,1256976.07,1095901.42,1044857.55
2019-06-25,3837.43,3838.06,3801.31,3755.01,1240759.12,-39.96,-1.04,3804.196,3737.479,3685.211,1344526.94,1133259.99,1062890.53
2019-06-24,3836.31,3853.55,3841.27,3819.77,1000846.19,7.33,0.19,3777.458,3729.276,3677.006,1237759.65,1152666.88,1055268.01
2019-06-21,3832.73,3856.09,3833.94,3817.31,1536351.5,5.42,0.14,3740.168,3706.223,3664.638,1183543.76,1144957.32,1045692.73
2019-06-20,3718.94,3845.79,3828.52,3717.19,1688720.75,112.58,3.03,3704.356,3679.297,3652.139,1079907.47,1076856.57,1018824.04
2019-06-19,3761.34,3771.35,3715.94,3715.13,1255957.12,48.32,1.32,3675.73,3656.156,3643.182,934826.76,996626.51,983561.07
2019-06-18,3661.13,3675.65,3667.62,3638.78,706922.69,12.8,0.35,3670.762,3644.409,3640.724,921993.04,958127.89,976274.67
2019-06-17,3654.44,3683.77,3654.82,3645.5,729766.75,-0.06,-0.0,3681.094,3640.848,3638.232,1067574.1,988158.81,995410.28
2019-06-14,3690.48,3709.65,3654.88,3650.91,1018170.06,-30.51,-0.83,3672.278,3638.345,3637.929,1106370.87,1004404.4,1023148.56
2019-06-13,3689.58,3697.59,3685.39,3654.27,963317.19,-5.71,-0.15,3654.238,3636.975,3642.383,1073805.66,996789.96,1030369.2
2019-06-12,3706.86,3711.88,3691.1,3683.94,1191788.5,-28.18,-0.76,3636.582,3634.827,3644.468,1058426.26,993813.68,1037284.23
2019-06-11,3617.52,3723.14,3719.28,3617.52,1434828.0,108.54,3.01,3618.056,3632.943,3642.171,994262.75,992521.07,1028851.53
2019-06-10,3578.01,3623.73,3610.74,3568.28,923750.62,46.06,1.29,3600.602,3624.735,3639.643,908743.51,957869.14,1008806.06
2019-06-06,3601.04,3601.04,3564.68,3557.02,855344.0,-32.43,-0.9,3604.412,3623.052,3645.629,902437.93,946428.13,1036620.46
2019-06-05,3627.79,3634.45,3597.11,3593.95,886420.19,-1.36,-0.04,3619.712,3624.98,3647.38,919774.25,960791.51,1044371.95
2019-06-04,3632.56,3636.13,3598.47,3584.46,870970.94,-33.54,-0.92,3633.072,3630.207,3650.897,929201.1,970495.62,1056484.62
2019-06-03,3640.61,3672.81,3632.01,3613.13,1007231.81,2.22,0.06,3647.83,3637.038,3657.007,990779.39,994421.45,1079359.9
2019-05-31,3641.0,3668.18,3629.79,3627.54,892222.69,-11.39,-0.31,3648.868,3635.616,3659.638,1006994.78,1002661.74,1127734.75
2019-05-30,3648.85,3650.97,3641.18,3612.62,942025.62,-22.73,-0.62,3641.692,3637.513,3673.809,990418.34,1041892.73,1141240.3
2019-05-29,3642.54,3693.23,3663.91,3637.35,933554.44,-8.35,-0.23,3630.248,3647.791,3686.766,1001808.78,1063948.44,1171074.48
2019-05-28,3633.02,3683.23,3672.26,3627.79,1178862.38,35.06,0.96,3627.342,3654.109,3698.034,1011790.14,1080754.77,1195400.79
2019-05-27,3592.6,3648.03,3637.2,3556.26,1088308.75,43.29,1.21,3626.246,3651.398,3711.512,998063.51,1065181.99,1216318.71
2019-05-24,3584.9,3623.39,3593.91,3580.79,809340.5,9.95,0.28,3622.364,3654.551,3731.157,998328.71,1059742.98,1234652.62
2019-05-23,3629.53,3631.47,3583.96,3578.11,998977.81,-65.42,-1.79,3633.334,3668.205,3752.412,1093367.11,1126812.78,1271991.42
2019-05-22,3663.15,3679.27,3649.38,3634.75,983461.25,-17.4,-0.47,3665.334,3669.779,3774.494,1126088.1,1127952.39,1316719.41
2019-05-21,3619.44,3690.09,3666.78,3610.68,1110229.25,48.99,1.35,3680.876,3671.587,3798.056,1149719.4,1142473.62,1342943.8
2019-05-20,3635.74,3644.5,3617.79,3583.83,1089634.75,-30.97,-0.85,3676.55,3676.976,3818.321,1132300.47,1164298.34,1360713.4
2019-05-17,3744.88,3745.36,3648.76,3637.58,1284532.5,-95.2,-2.54,3686.738,3683.659,3841.793,1121157.25,1252807.76,1396415.22
2019-05-16,3720.04,3745.14,3743.96,3707.9,1162582.75,16.87,0.45,3703.076,3710.104,3863.645,1160258.45,1240587.88,1433209.58
2019-05-15,3674.99,3741.04,3727.09,3674.99,1101617.75,81.94,2.25,3674.224,3725.741,3875.223,1129816.69,1278200.53,1466403.23
2019-05-14,3630.44,3683.26,3645.15,3630.44,1023134.62,-23.58,-0.64,3662.298,3741.959,3888.299,1135227.84,1310046.82,1479253.4
2019-05-13,3675.76,3702.9,3668.73,3658.0,1033918.62,-61.72,-1.65,3677.402,3771.626,3905.921,1196296.21,1367455.43,1512621.48
2019-05-10,3643.06,3732.92,3730.45,3589.29,1480038.5,130.75,3.63,3680.58,3807.762,3926.777,1384458.26,1409562.27,1558269.36
2019-05-09,3637.35,3656.9,3599.7,3584.82,1010373.94,-67.76,-1.85,3717.132,3836.618,3944.026,1320917.31,1417170.07,1575745.84
2019-05-08,3648.55,3722.93,3667.46,3642.5,1128673.5,-53.21,-1.43,3777.258,3879.209,3966.902,1426584.38,1505486.43,1658979.93
2019-05-07,3702.27,3738.18,3720.67,3671.83,1328476.5,36.05,0.98,3821.62,3924.524,3986.641,1484865.8,1543413.99,1732751.73
2019-05-06,3775.08,3791.61,3684.62,3647.14,1974728.88,-228.59,-5.84,3865.85,3959.665,4001.715,1538614.65,1557128.46,1782286.59
2019-04-30,3887.18,3923.11,3913.21,3885.15,1162333.75,12.88,0.33,3934.944,3999.927,4016.049,1434666.27,1540022.69,1796550.32
2019-04-29,3896.58,3953.23,3900.33,3875.45,1538709.25,11.06,0.28,3956.104,4017.185,4019.085,1513422.82,1625831.27,1874124.99
2019-04-26,3921.89,3943.83,3889.27,3887.25,1420080.62,-52.55,-1.33,3981.16,4024.704,4017.685,1584388.47,1654605.92,1905009.07
2019-04-25,4013.6,4022.56,3941.82,3938.33,1597220.75,-88.27,-2.19,4027.428,4034.639,4009.642,1601962.17,1648459.97,1900641.11
2019-04-24,4033.63,4044.34,4030.09,3967.81,1454987.0,11.08,0.28,4053.48,4040.215,3999.72,1575642.27,1657787.54,1890159.29
2019-04-23,4021.63,4061.09,4019.01,4005.28,1556116.5,-6.6,-0.16,4064.91,4045.791,3983.238,1645379.1,1706976.45,1903933.23
2019-04-22,4125.97,4126.09,4025.61,4015.47,1893537.5,-95.0,-2.31,4078.266,4051.433,3969.429,1738239.72,1734321.61,1925420.57
2019-04-19,4076.3,4120.64,4120.61,4046.2,1507949.12,48.53,1.19,4068.248,4054.595,3959.838,1724823.37,1812473.44,1916422.19
2019-04-18,4085.11,4094.05,4072.08,4056.24,1465621.25,-15.16,-0.37,4041.85,4048.757,3945.652,1694957.77,1922089.47,1939179.89
2019-04-17,4080.72,4106.62,4087.24,4057.5,1803671.12,1.45,0.04,4026.95,4043.765,3933.82,1739932.8,2007444.72,1953714.87
2019-04-16,3958.1,4085.79,4085.79,3943.49,2020419.62,110.27,2.77,4026.672,4032.17,3921.156,1768573.8,2053077.96,1954394.87
2019-04-15,4056.49,4085.39,3975.52,3974.23,1826455.75,-13.1,-0.33,4024.6,4020.984,3909.454,1730403.5,2122418.7,1961837.91
2019-04-12,3986.78,4006.93,3988.62,3961.46,1358621.12,-8.96,-0.22,4040.942,4010.666,3897.929,1900123.5,2155412.22,1958102.4
2019-04-11,4083.46,4097.12,3997.58,3990.24,1690496.38,-88.27,-2.16,4055.664,3984.644,3883.422,2149221.17,2152822.24,1985579.96
2019-04-10,4062.44,4115.38,4085.85,4035.47,1946876.12,10.42,0.26,4060.58,3959.225,3869.753,2274956.65,2122531.05,2017896.27
2019-04-09,4063.81,4084.24,4075.43,4038.28,1829568.12,18.2,0.45,4037.668,3920.684,3853.228,2337582.12,2100890.01,2058015.65
2019-04-08,4097.1,4122.6,4057.23,4017.49,2675055.75,-5.0,-0.12,4017.368,3887.424,3835.954,2514433.9,2116519.53,2081993.68
2019-04-04,4039.74,4072.11,4062.23,4021.71,2604109.5,40.07,1.0,3980.39,3865.081,3815.971,2410700.95,2020370.94,2107235.93
2019-04-03,3947.87,4026.5,4022.16,3939.78,2319173.75,50.87,1.28,3913.624,3842.547,3803.302,2156423.3,1956270.3,2141953.73
2019-04-02,3986.34,3988.1,3971.29,3956.51,2260003.5,-2.64,-0.07,3857.87,3823.875,3794.599,1970105.45,1899985.01,2185033.73
2019-04-01,3901.17,3982.91,3973.93,3901.17,2713827.0,101.59,2.62,3803.7,3810.142,3786.835,1864197.9,1855711.78,2187460.14
2019-03-29,3739.77,3876.38,3872.34,3739.77,2156391.0,143.94,3.86,3757.48,3797.924,3777.843,1718605.15,1801257.13,2213513.86
2019-03-28,3731.06,3755.72,3728.4,3710.08,1332721.25,-14.99,-0.4,3749.772,3785.191,3771.712,1630040.93,1760792.58,2208049.81
2019-03-27,3724.41,3750.26,3743.39,3703.45,1387584.5,42.95,1.16,3771.47,3782.2,3768.76,1756117.3,1818337.69,2233818.86
2019-03-26,3766.53,3770.84,3700.44,3687.55,1730465.75,-42.39,-1.13,3789.88,3780.28,3765.51,1829864.58,1913261.49,2307557.63
2019-03-25,3776.44,3807.18,3742.83,3741.61,1985863.25,-90.97,-2.37,3816.584,3785.771,3764.723,1847225.65,2015141.29,2400053.69
2019-03-22,3838.13,3845.58,3833.8,3786.59,1713569.88,-3.09,-0.08,3838.368,3784.483,3764.055,1883909.1,2047467.84,2472039.09
2019-03-21,3840.28,3864.07,3836.89,3823.47,1963103.12,1.45,0.04,3820.61,3766.861,3748.371,1891544.22,2194100.93,2479979.59
2019-03-20,3825.34,3855.15,3835.44,3790.51,1756320.88,1.48,0.04,3792.93,3764.057,3728.662,1880558.08,2327637.16,2471896.08
2019-03-19,3856.59,3868.34,3833.96,3815.22,1817271.12,-17.79,-0.46,3770.68,3765.322,3709.487,1996658.4,2470082.45,2457775.19
2019-03-18,3753.64,3851.75,3851.75,3733.68,2169280.5,106.74,2.85,3754.958,3763.527,3689.769,2183056.93,2519208.51,2456453.53
2019-03-15,3713.94,3782.24,3745.01,3713.94,1751745.5,46.52,1.26,3730.598,3757.762,3669.469,2211026.58,2625770.59,2439432.54
2019-03-14,3710.29,3747.82,3698.49,3673.85,1908172.38,-25.7,-0.69,3713.112,3758.232,3649.153,2496657.63,2655307.04,2423679.57
2019-03-13,3758.71,3763.09,3724.19,3708.81,2336822.5,-31.16,-0.83,3735.184,3755.32,3634.336,2774716.25,2649300.03,2403834.59
2019-03-12,3758.32,3804.72,3755.35,3723.68,2749263.75,25.4,0.68,3759.964,3750.74,3617.978,2943506.5,2701853.78,2368907.64
2019-03-11,3663.98,3731.91,3729.95,3650.81,2309128.75,72.37,1.98,3772.096,3743.674,3596.727,2855360.1,2784966.1,2292560.68
2019-03-08,3721.4,3774.54,3657.58,3656.19,3179900.75,-151.27,-3.97,3784.926,3743.627,3575.553,3040514.6,2896610.35,2226513.46
2019-03-07,3841.15,3845.18,3808.85,3778.8,3298465.5,-39.24,-1.02,3803.352,3729.881,3555.044,2813956.45,2765858.25,2108528.24
2019-03-06,3822.86,3855.16,3848.09,3787.52,3180773.75,32.08,0.84,3775.456,3693.267,3524.683,2523883.8,2616154.99,1986728.89
2019-03-05,3785.38,3816.16,3816.01,3770.79,2308531.75,21.91,0.58,3741.516,3653.651,3490.703,2460201.05,2445467.93,1859563.46
2019-03-04,3783.04,3886.58,3794.1,3764.78,3234901.25,44.39,1.18,3715.252,3616.011,3459.601,2714572.1,2393698.54,1782966.04
2019-03-01,3699.22,3749.71,3749.71,3668.77,2047110.0,80.34,2.19,3702.328,3581.175,3429.085,2752706.1,2253094.5,1662532.19
2019-02-28,3675.26,3695.46,3669.37,3650.05,1848102.25,-9.02,-0.24,3656.41,3540.074,3400.823,2717760.05,2192052.1,1602160.56
2019-02-27,3682.81,3737.63,3678.39,3638.33,2862360.0,-6.3,-0.17,3611.078,3513.351,3375.293,2708426.18,2158369.16,1546222.76
2019-02-26,3734.71,3762.11,3684.69,3679.27,3580387.0,-44.79,-1.2,3565.786,3485.215,3348.426,2430734.8,2035961.5,1433040.0
2019-02-25,3575.85,3729.48,3729.48,3574.69,3425571.25,209.36,5.95,3516.77,3449.78,3321.358,2072824.98,1800155.26,1290515.91
2019-02-22,3439.38,3520.12,3520.12,3417.98,1872379.75,77.41,2.25,3460.022,3407.479,3294.166,1753482.9,1556416.57,1166194.86
2019-02-21,3450.14,3500.25,3442.71,3431.63,1801432.88,-9.22,-0.27,3423.738,3380.207,3276.568,1666344.15,1451198.24,1124557.79
2019-02-20,3449.93,3463.77,3451.93,3421.51,1473903.12,12.32,0.36,3415.624,3356.099,3260.004,1608312.15,1357302.79,1074573.58
2019-02-19,3454.72,3480.79,3439.61,3419.07,1790837.88,-6.13,-0.18,3404.644,3327.754,3243.84,1641188.2,1273659.0,1040985.6
2019-02-18,3366.42,3445.74,3445.74,3366.42,1828860.88,107.04,3.21,3382.79,3303.19,3228.259,1527485.55,1172233.54,995830.19
2019-02-15,3391.24,3395.03,3338.7,3335.87,1436686.0,-63.44,-1.86,3354.936,3276.994,3209.361,1359350.24,1071969.88,937447.99
2019-02-14,3392.85,3415.4,3402.14,3381.98,1511272.88,5.11,0.15,3336.676,3261.571,3197.165,1236052.33,1012269.01,901506.9
2019-02-13,3337.78,3405.58,3397.03,3329.14,1638283.38,66.69,2.0,3296.574,3237.235,3180.692,1106293.43,934076.36,868579.14
2019-02-12,3306.35,3335.36,3330.34,3298.63,1222324.62,23.87,0.72,3250.864,3211.637,3164.765,906129.79,830118.5,840347.14
2019-02-11,3239.81,3307.06,3306.47,3239.81,988184.31,59.07,1.82,3223.59,3192.935,3150.633,816981.53,780876.56,822316.21
2019-02-01,3225.73,3247.5,3247.4,3207.72,820196.44,45.77,1.43,3199.052,3180.852,3138.024,784589.53,775973.16,823489.17
2019-01-31,3182.7,3216.07,3201.63,3178.01,862478.38,33.15,1.05,3186.466,3172.929,3127.448,788485.7,797917.34,834138.83
2019-01-30,3181.66,3202.9,3168.48,3167.89,637465.19,-25.49,-0.8,3177.896,3163.908,3115.608,761859.3,791844.38,826448.47
2019-01-29,3177.26,3200.99,3193.97,3148.23,776583.31,10.19,0.32,3172.41,3159.925,3105.661,754107.21,808312.2,828906.72
2019-01-28,3203.12,3228.87,3183.78,3174.72,826224.31,-0.69,-0.02,3162.28,3153.327,3096.495,744771.6,819426.83,825604.44
2019-01-25,3165.18,3203.17,3184.47,3164.41,839677.31,25.69,0.81,3162.652,3141.727,3086.832,767356.79,802926.1,824564.12
2019-01-24,3146.6,3165.63,3158.78,3125.3,729346.38,17.73,0.56,3159.392,3132.758,3077.71,807348.99,790744.79,810403.77
2019-01-23,3136.1,3157.63,3141.05,3131.87,598704.75,-2.27,-0.07,3149.92,3124.149,3070.635,821829.45,803081.91,813281.16
2019-01-22,3181.95,3181.95,3143.32,3135.34,729905.25,-42.32,-1.33,3147.44,3117.892,3065.492,862517.19,850575.79,811995.73
2019-01-21,3170.88,3199.21,3185.64,3170.88,939150.25,17.47,0.55,3144.374,3108.33,3059.796,894082.06,863755.85,813879.52
2019-01-18,3124.5,3171.69,3168.17,3120.35,1039638.31,56.75,1.82,3120.802,3095.196,3053.885,838495.41,871005.18,801796.74
2019-01-17,3132.63,3141.71,3111.42,3110.06,801748.69,-17.23,-0.55,3106.124,3081.966,3050.033,774140.6,870360.33,777575.97
2019-01-16,3126.13,3135.01,3128.65,3117.29,802143.44,0.66,0.02,3098.378,3067.308,3050.884,784334.37,861052.56,769398.7
2019-01-15,3071.52,3129.37,3127.99,3064.67,887729.62,60.21,1.96,3088.344,3051.397,3052.511,838634.39,849501.23,762540.03
2019-01-14,3092.5,3097.41,3067.78,3064.38,661217.0,-27.0,-0.87,3072.286,3039.663,3054.407,833429.64,831782.05,760304.17
2019-01-11,3082.26,3102.83,3094.78,3071.03,717864.25,22.09,0.72,3069.59,3031.936,3062.003,903514.95,846202.14,772464.7
2019-01-10,3077.48,3092.54,3072.69,3062.57,852717.56,-5.79,-0.19,3057.808,3022.661,3065.794,966580.05,830062.74,763226.44
2019-01-09,3065.23,3117.96,3078.48,3062.85,1073643.5,30.78,1.01,3036.238,3017.12,3070.151,937770.74,823480.41,747202.5
2019-01-08,3049.87,3055.51,3047.7,3038.53,861705.88,-6.6,-0.22,3014.45,3013.092,3073.465,860368.08,773415.68,725238.97
2019-01-07,3055.15,3061.75,3054.3,3035.91,1011643.56,18.43,0.61,3007.04,3011.262,3080.158,830134.46,764003.19,708834.63
2019-01-04,2940.19,3036.81,3035.87,2935.83,1033189.75,71.03,2.4,2994.282,3012.574,3086.526,788889.33,732588.29,696416.84
2019-01-03,2963.02,3000.44,2964.84,2953.25,708671.0,-4.7,-0.16,2987.514,3018.1,3097.333,693545.44,684791.62,682833.88
2019-01-02,3017.07,3018.78,2969.54,2958.49,686630.19,-41.11,-1.36,2998.002,3034.459,3112.476,709190.09,677744.84,687107.85
2018-12-28,2994.8,3024.35,3010.65,2984.82,710537.81,20.14,0.67,3011.734,3053.625,3127.047,686463.27,675578.82,713519.92
2018-12-27,3042.95,3047.23,2990.51,2990.51,805417.88,-11.52,-0.38,3015.484,3069.151,3135.149,697871.91,688826.29,713453.55
2018-12-26,3012.87,3029.06,3002.03,2996.48,556470.31,-15.25,-0.51,3030.866,3092.069,3142.506,676287.26,698727.26,713431.89
2018-12-25,3006.88,3030.14,3017.28,2964.88,786894.25,-20.92,-0.69,3048.686,3108.927,3151.351,676037.8,696390.14,723049.35
2018-12-24,3015.5,3040.35,3038.2,3007.33,572996.12,8.8,0.29,3070.916,3123.181,3157.349,646299.59,670924.59,711408.56
2018-12-21,3055.33,3057.4,3029.4,3007.61,767581.0,-38.02,-1.24,3095.516,3133.837,3162.501,664694.37,677062.26,712448.32
2018-12-20,3083.54,3097.72,3067.42,3044.29,697494.62,-23.71,-0.77,3122.818,3149.053,3168.205,679780.67,653666.08,716388.4
2018-12-19,3133.74,3137.01,3091.13,3086.76,555223.0,-37.3,-1.19,3153.272,3160.478,3175.555,721167.26,660245.39,714062.81
2018-12-18,3139.95,3165.0,3128.43,3114.47,638203.19,-32.77,-1.04,3169.168,3176.565,3182.323,716742.49,680876.14,728361.53
2018-12-17,3158.28,3167.51,3161.2,3134.37,664970.06,-4.71,-0.15,3175.446,3190.493,3186.822,695549.6,696470.86,751131.94
2018-12-14,3207.35,3210.72,3165.91,3165.91,843012.5,-53.78,-1.67,3172.158,3200.468,3193.492,689430.14,751461.01,775861.74
2018-12-13,3178.89,3234.08,3219.69,3169.42,904427.56,49.08,1.55,3175.288,3201.146,3198.08,627551.49,738080.81,797149.53
2018-12-12,3181.57,3182.21,3170.61,3160.28,533099.12,10.79,0.34,3167.684,3192.942,3199.214,599323.51,728136.52,801207.56
2018-12-11,3148.23,3161.96,3159.82,3143.61,532238.75,15.06,0.48,3183.962,3193.774,3200.931,645009.79,749708.56,831456.93
2018-12-10,3153.52,3170.15,3144.76,3134.38,634372.75,-36.8,-1.16,3205.54,3191.516,3204.809,697392.11,751892.52,868091.73
2018-12-07,3187.49,3193.82,3181.56,3176.71,533619.25,-0.11,-0.0,3228.778,3191.164,3207.828,813491.89,747834.38,880404.29
2018-12-06,3218.11,3223.52,3181.67,3179.89,763287.69,-70.33,-2.16,3227.004,3187.356,3207.122,848610.13,779110.71,895864.71
2018-12-05,3224.26,3266.9,3252.0,3219.98,761530.5,-15.71,-0.48,3218.2,3190.632,3208.677,856949.53,767880.24,895907.59
2018-12-04,3256.23,3267.94,3267.71,3243.7,794150.38,6.76,0.21,3203.586,3188.081,3207.172,854407.34,775846.91,903638.83
2018-12-03,3260.69,3273.64,3260.95,3228.36,1214871.62,88.26,2.78,3177.492,3183.151,3205.944,806392.92,805793.03,905865.88
2018-11-30,3136.2,3175.15,3172.69,3132.42,709210.44,35.04,1.12,3153.55,3186.516,3206.039,682176.88,800262.46,899975.64
2018-11-29,3198.83,3204.86,3137.65,3137.65,804984.69,-41.28,-1.3,3147.708,3195.014,3211.917,709611.3,856218.26,941248.17
2018-11-28,3137.75,3179.41,3178.93,3126.62,748819.56,41.69,1.33,3163.064,3205.486,3213.886,678810.95,874278.6,967325.62
2018-11-27,3152.77,3162.01,3137.24,3126.29,554078.31,-4.0,-0.13,3172.576,3208.087,3212.63,697286.49,913205.31,985488.37
2018-11-26,3148.67,3169.44,3141.24,3131.64,593791.38,-2.24,-0.07,3188.81,3218.101,3211.281,805193.13,984290.94,1015819.5
2018-11-23,3208.59,3212.2,3143.48,3139.39,846382.56,-70.95,-2.21,3219.482,3224.491,3208.064,918348.05,1012974.19,1032049.83
2018-11-22,3232.97,3235.45,3214.43,3199.7,650982.94,-12.06,-0.37,3242.32,3226.887,3209.572,1002825.21,1012618.7,1040380.38
2018-11-21,3187.1,3230.26,3226.49,3185.24,841197.25,8.08,0.25,3247.908,3226.721,3208.566,1069746.25,1023934.94,1061307.14
2018-11-20,3268.08,3278.78,3218.41,3213.68,1093611.5,-76.19,-2.31,3243.598,3226.263,3206.651,1129124.12,1031430.74,1074702.15
2018-11-19,3258.79,3294.6,3294.6,3251.07,1159566.0,36.93,1.13,3247.392,3228.737,3204.902,1163388.75,1005938.73,1080528.19
2018-11-16,3242.88,3282.39,3257.67,3223.72,1268768.38,15.3,0.47,3229.5,3225.561,3203.686,1107600.34,999688.82,1095480.92
2018-11-15,3201.28,3242.38,3242.37,3198.78,985588.12,37.43,1.17,3211.454,3228.819,3197.55,1022412.18,1026278.08,1081462.34
2018-11-14,3233.64,3239.24,3204.94,3200.23,1138086.62,-32.44,-1.0,3205.534,3222.285,3187.651,978123.64,1060372.64,1069068.92
2018-11-13,3164.92,3254.77,3237.38,3161.1,1264934.62,32.24,1.01,3208.928,3217.173,3183.316,933737.36,1057771.43,1050583.16
2018-11-12,3160.25,3206.51,3205.14,3152.44,880623.94,37.7,1.19,3210.082,3204.461,3176.496,848488.71,1047348.07,1021780.29
2018-11-09,3193.3,3193.3,3167.44,3166.31,842827.62,-45.33,-1.41,3221.622,3191.636,3172.561,891777.3,1051125.46,1012551.6
2018-11-08,3251.73,3253.57,3212.77,3207.71,764145.38,-9.14,-0.28,3246.184,3192.256,3172.726,1030143.98,1068142.06,1019715.8
2018-11-07,3243.88,3270.5,3221.91,3218.42,916155.25,-21.24,-0.66,3239.036,3190.41,3168.293,1142621.65,1098679.33,1041979.2
2018-11-06,3254.98,3254.98,3243.15,3213.9,838691.38,-19.69,-0.6,3225.418,3187.039,3171.277,1181805.5,1117973.56,1028417.85
2018-11-05,3269.47,3279.88,3262.84,3230.36,1097066.88,-27.41,-0.83,3198.84,3181.067,3173.554,1246207.43,1155117.66,1019844.92
2018-11-02,3258.61,3290.25,3290.25,3222.44,1534661.0,113.22,3.56,3161.65,3181.81,3174.957,1210473.63,1191273.02,1013936.07
2018-11-01,3185.2,3217.8,3177.03,3173.1,1326533.75,23.21,0.74,3138.328,3166.28,3182.388,1106140.14,1136646.61,979391.9
2018-10-31,3116.66,3168.92,3153.82,3106.03,1112074.5,43.56,1.4,3141.784,3153.016,3193.716,1054737.01,1077765.2,947947.83
2018-10-30,3061.93,3146.63,3110.26,3050.77,1160701.0,33.37,1.08,3148.66,3149.459,3206.887,1054141.61,1043394.89,938930.78
2018-10-29,3157.49,3158.81,3076.89,3062.58,918397.88,-96.75,-3.05,3163.294,3148.53,3220.364,1064027.89,996212.51,915423.07
2018-10-26,3204.28,3218.1,3173.64,3151.92,1012993.56,-20.67,-0.65,3201.97,3153.486,3237.044,1172072.41,973977.75,923711.18
2018-10-25,3107.84,3197.32,3194.31,3099.89,1069518.12,6.11,0.19,3194.232,3153.195,3243.868,1167153.08,971289.54,905342.03
2018-10-24,3169.46,3245.4,3188.2,3164.29,1109097.5,4.77,0.15,3164.248,3146.175,3249.777,1100793.39,985279.07,896451.46
2018-10-23,3273.13,3276.02,3183.43,3163.57,1210132.38,-86.84,-2.65,3150.258,3155.515,3253.838,1032648.17,938862.14,876209.1
2018-10-22,3159.56,3297.38,3270.27,3159.56,1458620.5,135.32,4.32,3133.766,3166.041,3254.913,928397.13,884572.18,841832.26
2018-10-19,3017.75,3137.75,3134.95,3009.5,988396.88,90.56,2.98,3105.002,3168.104,3253.504,775883.08,836599.12,798966.55
2018-10-18,3097.79,3097.79,3044.39,3043.38,737719.69,-73.86,-2.37,3112.158,3198.495,3258.585,775426.0,822137.18,783191.87
2018-10-17,3140.68,3149.13,3118.25,3062.55,768371.38,17.28,0.56,3128.102,3234.415,3266.466,869764.74,818130.46,773619.83
2018-10-16,3128.58,3166.09,3100.97,3089.37,688877.19,-25.48,-0.81,3160.772,3264.314,3271.764,845076.11,834466.66,764446.92
2018-10-15,3173.85,3183.13,3126.45,3120.23,696050.25,-44.28,-1.4,3198.316,3292.197,3278.219,840747.23,834633.64,761911.58
2018-10-12,3123.37,3184.12,3170.73,3094.97,986111.5,46.62,1.49,3231.206,3320.601,3285.779,897315.15,873444.61,759082.77
2018-10-11,3179.54,3209.52,3124.11,3099.04,1209413.38,-157.49,-4.8,3284.832,3334.541,3290.386,868848.36,839394.52,740927.34
2018-10-10,3295.43,3315.73,3281.6,3256.58,644928.25,-7.09,-0.22,3340.728,3353.378,3299.088,766496.18,807623.85,712607.62
2018-10-09,3290.17,3309.8,3288.69,3276.13,667232.75,-2.21,-0.07,3367.856,3352.161,3303.203,823857.21,813556.06,713905.61
2018-10-08,3361.56,3364.46,3290.9,3285.25,978889.88,-147.96,-4.3,3386.078,3343.784,3304.859,828520.05,799092.34,713758.9
2018-09-28,3409.96,3444.99,3438.86,3404.7,843777.56,35.27,1.04,3409.996,3338.903,3307.039,849574.08,761333.99,702917.22
2018-09-27,3415.95,3423.71,3403.59,3394.73,697652.44,-13.65,-0.4,3384.25,3318.674,3302.651,809940.68,744246.56,694920.99
2018-09-26,3388.56,3448.26,3417.24,3383.24,931733.44,37.44,1.11,3366.028,3298.517,3301.8,848751.53,729109.21,693548.57
2018-09-25,3375.97,3394.38,3379.8,3367.03,690546.94,-30.69,-0.9,3336.466,3279.214,3300.946,803254.91,694427.17,684684.58
2018-09-21,3320.7,3410.49,3410.49,3307.77,1084160.0,100.36,3.03,3301.49,3264.241,3302.285,769664.62,689189.53,697292.27
2018-09-20,3314.88,3332.31,3310.13,3303.07,645610.56,-2.35,-0.07,3267.81,3250.956,3298.027,673093.9,644720.94,674967.22
2018-09-19,3262.0,3335.99,3312.48,3258.31,891706.69,43.05,1.32,3253.098,3246.231,3298.522,678552.43,642460.17,673242.86
2018-09-18,3193.64,3270.11,3269.43,3193.64,704250.38,64.51,2.01,3231.006,3244.797,3298.295,609466.9,617591.39,654051.05
2018-09-17,3224.93,3230.79,3204.92,3200.51,522595.47,-37.17,-1.15,3221.962,3254.244,3301.156,585599.43,614255.15,656441.32
2018-09-14,3242.83,3254.1,3242.09,3227.94,601306.38,5.52,0.17,3226.992,3265.934,3304.273,608714.44,628425.46,665763.66
2018-09-13,3239.69,3249.59,3236.57,3191.4,672903.25,34.55,1.08,3234.102,3275.175,3303.649,616347.97,644500.46,669396.05
2018-09-12,3216.99,3225.6,3202.02,3194.98,546279.0,-22.19,-0.69,3239.364,3286.627,3305.657,606367.9,645595.42,674024.57
2018-09-11,3229.71,3245.62,3224.21,3209.11,584913.06,-5.86,-0.18,3258.588,3305.082,3310.155,625715.88,657987.93,680797.65
2018-09-10,3271.38,3277.88,3230.07,3227.85,638170.5,-47.57,-1.45,3286.526,3322.678,3317.59,642910.88,674941.98,681877.72
2018-09-07,3273.89,3316.61,3277.64,3253.73,639474.06,14.76,0.45,3304.876,3340.328,3325.604,648136.49,705395.01,688064.96
2018-09-06,3286.66,3311.5,3262.88,3253.76,623002.88,-35.26,-1.07,3316.248,3345.097,3331.973,672652.94,705213.51,690574.91
2018-09-05,3349.7,3354.2,3298.14,3298.14,643018.88,-65.76,-1.96,3333.89,3350.812,3338.705,684822.94,704025.55,705403.55
2018-09-04,3324.19,3370.96,3363.9,3307.96,670888.06,42.08,1.27,3351.576,3351.793,3339.524,690259.97,690510.72,712895.04
2018-09-03,3320.69,3325.61,3321.82,3291.78,664298.56,-12.68,-0.38,3358.83,3348.068,3339.772,706973.09,698627.49,725242.59
2018-08-31,3333.38,3356.58,3334.5,3310.87,762056.31,-16.59,-0.49,3375.78,3342.611,3337.345,762653.54,703101.86,731015.21
2018-08-30,3385.81,3402.56,3351.09,3349.47,683852.88,-35.48,-1.05,3373.946,3332.123,3336.384,737774.07,694291.64,728310.85
2018-08-29,3393.05,3398.71,3386.57,3377.12,670204.06,-13.6,-0.4,3367.734,3324.687,3337.377,723228.16,702453.72,744772.56
2018-08-28,3408.15,3416.59,3400.17,3388.81,754453.62,-6.4,-0.19,3352.01,3315.228,3340.418,690761.46,703607.37,756436.67
2018-08-27,3339.39,3406.57,3406.57,3339.26,942700.81,81.24,2.44,3337.306,3312.502,3346.293,690281.9,688813.46,752704.4
2018-08-24,3308.48,3353.04,3325.33,3291.87,637659.0,5.3,0.16,3309.442,3310.879,3351.718,643550.19,670734.91,746627.86
2018-08-23,3308.46,3336.11,3320.03,3285.81,611123.31,12.08,0.36,3290.3,3318.848,3361.513,650809.21,675936.31,749833.96
2018-08-22,3328.97,3328.97,3307.95,3299.39,507870.56,-18.7,-0.56,3281.64,3326.598,3372.324,681679.29,706781.55,764452.62
2018-08-21,3271.84,3331.71,3326.65,3270.03,752055.81,59.4,1.82,3278.446,3327.254,3385.814,716453.29,735279.36,787438.34
2018-08-20,3238.22,3267.25,3267.25,3209.01,709042.25,37.63,1.17,3287.698,3331.476,3398.567,687345.01,751857.69,828291.77
2018-08-17,3305.9,3311.57,3229.62,3224.1,673954.12,-47.11,-1.44,3312.316,3332.078,3411.492,697919.62,758928.55,852357.97
2018-08-16,3251.86,3315.2,3276.73,3231.56,765473.69,-15.25,-0.46,3347.396,3340.644,3424.656,701063.4,762330.05,869652.62
2018-08-15,3371.96,3372.14,3291.98,3288.71,681740.56,-80.93,-2.4,3371.556,3350.067,3432.236,731883.81,787091.41,865617.8
2018-08-14,3386.48,3391.73,3372.91,3356.61,606514.44,-17.43,-0.51,3376.062,3365.608,3439.203,754105.42,809265.97,864795.93
2018-08-13,3369.98,3396.19,3390.34,3336.7,761915.31,-14.68,-0.43,3375.254,3380.083,3443.027,816370.37,816595.34,865461.75
2018-08-10,3398.41,3424.04,3405.02,3380.57,689673.0,7.49,0.22,3351.84,3392.557,3447.114,819937.47,822520.81,861506.98
2018-08-09,3303.48,3408.39,3397.53,3299.62,919575.75,83.02,2.5,3333.892,3404.178,3451.498,823596.7,823731.61,863501.28
2018-08-08,3362.15,3368.16,3314.51,3311.77,792848.62,-54.36,-1.61,3328.578,3418.05,3455.674,842299.0,822123.68,865699.28
2018-08-07,3284.98,3368.96,3368.87,3263.5,917839.19,95.6,2.92,3355.154,3444.374,3460.325,864426.51,839597.32,862077.32
2018-08-06,3312.82,3344.25,3273.27,3257.69,779750.81,-42.01,-1.27,3384.912,3465.658,3465.258,816820.31,904725.84,850959.78
2018-08-03,3366.66,3381.34,3315.28,3315.2,707969.12,-55.68,-1.65,3433.274,3490.906,3474.553,825104.14,945787.38,850273.01
2018-08-02,3434.35,3434.35,3370.96,3322.1,1013087.25,-76.43,-2.22,3474.464,3508.667,3477.045,823866.53,976975.2,857923.34
2018-08-01,3530.03,3543.61,3447.39,3446.78,903486.19,-70.27,-2.0,3507.522,3514.405,3475.619,801948.36,944144.19,848062.97
2018-07-31,3510.47,3528.15,3517.66,3493.15,679808.19,2.58,0.07,3533.594,3512.798,3471.437,814768.13,920325.9,840467.66
2018-07-30,3520.85,3550.9,3515.08,3489.55,821169.94,-6.15,-0.17,3546.404,3505.97,3466.018,992631.36,914328.16,854116.6
2018-07-27,3533.77,3545.41,3521.23,3512.7,701781.06,-15.02,-0.42,3548.538,3501.671,3460.662,1066470.63,900493.16,855233.83
2018-07-26,3583.32,3593.92,3536.25,3528.64,903496.44,-41.5,-1.16,3542.87,3498.817,3460.15,1130083.86,903270.96,858773.29
2018-07-25,3589.51,3589.98,3577.75,3566.31,967585.0,-3.96,-0.11,3521.288,3493.298,3454.514,1086340.01,909274.88,851557.49
2018-07-24,3530.66,3596.51,3581.71,3530.66,1569124.38,55.96,1.59,3492.002,3476.276,3448.589,1025883.68,884557.33,843924.15
2018-07-23,3471.86,3527.53,3525.75,3464.65,1190366.25,32.86,0.94,3465.536,3464.857,3446.059,836024.95,797193.71,807960.57
2018-07-20,3426.46,3505.93,3492.89,3398.95,1019847.25,64.55,1.88,3454.804,3458.2,3447.796,734515.7,754758.63,788380.79
2018-07-19,3444.8,3466.51,3428.34,3417.96,684777.19,-2.98,-0.09,3454.764,3445.423,3453.596,676458.05,738871.49,774947.36
2018-07-18,3456.61,3479.26,3431.32,3430.16,665303.31,-18.06,-0.52,3465.308,3436.833,3461.828,732209.74,751981.75,787662.77
2018-07-17,3466.42,3467.19,3449.38,3420.97,619830.75,-22.71,-0.65,3460.55,3430.076,3472.034,743230.97,760609.42,797756.66
2018-07-16,3488.97,3506.24,3472.09,3459.73,682820.0,-20.6,-0.59,3464.178,3426.066,3480.621,758362.47,793905.04,847118.39
2018-07-13,3488.5,3499.76,3492.69,3474.91,729559.0,11.63,0.33,3461.596,3419.653,3494.688,775001.56,809974.49,855721.84
2018-07-12,3403.33,3499.1,3481.06,3403.33,963535.62,73.53,2.16,3436.082,3421.482,3508.722,801284.92,814275.62,853479.55
2018-07-11,3398.93,3427.57,3407.53,3375.14,720409.5,-59.99,-1.73,3408.358,3415.729,3524.086,771753.76,793840.11,838491.75
2018-07-10,3464.91,3474.14,3467.52,3437.27,695488.25,8.34,0.24,3399.602,3420.902,3545.007,777987.86,803290.98,839074.4
2018-07-09,3378.91,3459.32,3459.18,3378.91,766015.44,94.06,2.79,3387.954,3427.261,3560.63,829447.6,818727.42,838654.9
2018-07-06,3347.06,3396.25,3365.12,3295.73,860975.81,22.68,0.68,3377.71,3437.391,3576.652,844947.41,822002.95,842022.8
2018-07-05,3365.55,3398.49,3342.44,3330.71,815879.81,-21.31,-0.63,3406.882,3461.769,3599.946,827266.31,811023.23,839102.09
2018-07-04,3398.78,3418.33,3363.75,3359.09,751580.0,-45.53,-1.33,3423.1,3486.822,3624.692,815926.45,823343.8,834866.71
2018-07-03,3410.48,3422.04,3409.28,3319.29,952786.94,1.32,0.04,3442.202,3513.991,3648.77,828594.09,834903.9,836631.39
2018-07-02,3504.46,3506.9,3407.96,3383.5,843514.5,-103.02,-2.93,3466.568,3535.175,3668.685,808007.24,900331.74,827304.22
2018-06-29,3431.96,3512.38,3510.98,3425.22,772570.31,87.45,2.55,3497.072,3569.722,3686.817,799058.49,901469.19,824039.4
2018-06-28,3434.94,3477.06,3423.53,3416.95,759180.5,-35.73,-1.03,3516.656,3595.961,3701.387,794780.15,892683.48,831744.33
2018-06-27,3525.13,3537.66,3459.26,3441.79,814918.19,-71.85,-2.04,3550.544,3632.442,3716.379,830761.15,883143.4,837741.95
2018-06-26,3521.59,3541.78,3531.11,3478.21,849852.69,-29.37,-0.82,3585.78,3669.111,3733.616,841213.71,874857.83,837772.37
2018-06-25,3625.8,3631.03,3560.48,3559.03,798770.75,-48.42,-1.34,3603.782,3693.998,3748.724,992656.25,858582.39,831040.3
2018-06-22,3567.89,3609.08,3608.9,3542.46,751178.62,15.93,0.44,3642.372,3715.912,3761.525,1003879.89,862042.65,826519.96
2018-06-21,3633.56,3673.56,3592.97,3589.49,939085.5,-42.47,-1.17,3675.266,3738.123,3772.441,990586.81,867180.94,823133.54
2018-06-20,3602.55,3649.34,3635.44,3578.17,867181.0,14.32,0.4,3714.34,3762.561,3785.521,935525.65,846389.63,818040.43
2018-06-19,3702.67,3712.82,3621.12,3583.02,1607065.38,-132.31,-3.52,3752.442,3783.549,3799.06,908501.94,838358.89,812365.76
2018-06-15,3763.04,3780.34,3753.43,3737.43,854888.94,-19.94,-0.53,3784.214,3802.195,3814.066,724508.53,754276.7,778333.36
2018-06-14,3774.64,3808.16,3773.37,3759.25,684713.25,-14.97,-0.4,3789.452,3803.911,3821.547,720205.41,746609.61,771895.89
2018-06-13,3814.62,3817.45,3788.34,3782.07,663779.69,-37.61,-0.98,3800.98,3806.812,3826.081,743775.06,770805.18,767175.29
2018-06-12,3783.19,3830.47,3825.95,3765.26,732062.44,45.97,1.22,3810.782,3800.315,3831.306,757253.6,792340.5,769943.13
2018-06-11,3770.21,3792.55,3779.98,3756.51,687098.31,0.36,0.01,3814.656,3798.121,3836.214,768215.84,800686.92,771364.79
2018-06-08,3819.45,3819.46,3779.62,3759.27,833373.38,-51.39,-1.34,3820.176,3803.449,3842.679,784044.86,803498.22,777997.87
2018-06-07,3846.94,3859.85,3831.01,3827.69,802561.5,-6.34,-0.17,3818.37,3807.137,3847.34,773013.81,790997.27,773007.51
2018-06-06,3839.68,3848.33,3837.35,3830.9,731172.38,-7.97,-0.21,3812.644,3806.758,3850.443,797835.3,779086.14,768213.33
2018-06-05,3811.29,3845.56,3845.32,3800.93,786873.62,37.74,0.99,3789.848,3808.481,3852.156,827427.4,789691.23,765011.2
2018-06-04,3785.19,3813.41,3807.58,3776.62,766243.44,36.99,0.98,3781.586,3814.57,3853.824,833158.0,786372.64,772775.1
2018-06-01,3789.67,3802.54,3770.59,3753.84,778218.12,-31.79,-0.84,3786.722,3825.936,3855.155,822951.57,802390.03,778106.02
2018-05-31,3749.3,3804.79,3802.38,3742.53,926668.94,79.01,2.12,3795.904,3839.183,3855.355,808980.73,797182.18,774972.26
2018-05-30,3755.18,3767.89,3723.37,3722.07,879132.88,-80.64,-2.12,3800.872,3845.35,3854.886,760336.99,763545.41,775619.37
2018-05-29,3824.19,3841.78,3804.01,3800.67,815526.62,-29.25,-0.76,3827.114,3862.297,3856.9,751955.05,747545.76,773313.25
2018-05-28,3816.26,3846.55,3833.26,3799.32,715211.31,16.76,0.44,3847.554,3874.306,3854.544,739587.28,742042.66,777302.78
2018-05-25,3823.74,3841.12,3816.5,3804.13,708363.88,-10.72,-0.28,3865.15,3881.909,3850.655,781828.49,752497.53,785117.54
2018-05-24,3853.29,3859.1,3827.22,3823.92,683450.25,-27.36,-0.71,3882.462,3887.543,3851.265,785383.63,755017.74,788785.65
2018-05-23,3898.27,3898.27,3854.58,3854.58,837223.19,-51.63,-1.32,3889.828,3894.127,3852.079,766753.83,757340.53,811722.9
2018-05-22,3918.82,3918.82,3906.21,3881.17,753687.75,-15.03,-0.38,3897.48,3895.831,3847.666,743136.48,740331.18,815039.89
2018-05-21,3925.54,3937.46,3921.24,3913.6,926417.38,18.18,0.47,3901.058,3893.078,3840.398,744498.04,759177.56,826996.96
2018-05-18,3860.16,3903.06,3903.06,3841.9,726139.56,39.01,1.01,3898.668,3884.373,3834.928,723166.56,753822.01,830203.12
2018-05-17,3895.49,3899.51,3864.05,3858.85,590301.25,-28.79,-0.74,3892.624,3871.527,3828.089,724651.86,752762.34,847234.49
2018-05-16,3909.82,3923.34,3892.84,3889.19,719136.44,-31.26,-0.8,3898.426,3864.422,3822.319,747927.22,787693.34,863024.83
2018-05-15,3920.14,3924.34,3924.1,3892.92,760495.56,14.81,0.38,3894.182,3851.503,3818.12,737525.87,799080.73,876676.89
2018-05-14,3886.87,3919.3,3909.29,3886.87,819760.0,36.45,0.94,3885.098,3834.781,3815.472,773857.07,812562.9,874424.21
2018-05-11,3902.15,3903.34,3872.84,3871.95,733566.06,-20.22,-0.52,3870.078,3819.401,3814.939,784477.46,817737.55,874785.95
2018-05-10,3882.84,3894.49,3893.06,3867.31,706678.06,21.44,0.55,3850.43,3814.987,3818.214,780872.83,822553.55,894074.16
2018-05-09,3876.13,3878.94,3871.62,3855.74,667129.69,-7.06,-0.18,3830.418,3810.03,3819.92,827459.45,866105.27,911827.12
2018-05-08,3834.61,3892.07,3878.68,3833.73,942151.56,44.49,1.16,3808.824,3799.501,3818.985,860635.59,889748.6,920523.37
2018-05-07,3782.54,3834.59,3834.19,3776.03,872861.94,59.59,1.58,3784.464,3787.718,3817.794,851268.73,894816.36,917781.09
2018-05-04,3784.32,3801.52,3774.6,3770.94,715542.88,-18.4,-0.48,3768.724,3785.483,3819.209,850997.63,906584.23,921706.68
2018-05-03,3756.17,3797.53,3793.0,3732.37,939611.19,29.35,0.78,3779.544,3784.651,3824.825,864234.28,941706.64,941550.87
2018-05-02,3769.93,3787.3,3763.65,3744.55,833010.38,6.77,0.18,3789.642,3780.215,3830.1,904751.09,938356.31,943326.44
2018-04-27,3771.04,3776.98,3756.88,3714.64,895317.25,1.39,0.04,3790.178,3784.736,3836.62,918861.6,954273.04,959990.46
2018-04-26,3823.39,3828.71,3755.49,3744.89,871506.44,-73.21,-1.91,3790.972,3796.162,3840.912,938364.0,936285.52,965972.05
2018-04-25,3824.59,3838.69,3828.7,3817.03,781726.12,-14.79,-0.39,3802.242,3810.477,3848.801,962170.84,931834.36,979247.08
2018-04-24,3769.88,3854.43,3843.49,3769.88,1142195.25,77.16,2.05,3789.758,3821.441,3851.36,1019179.01,965594.78,997730.34
2018-04-23,3754.69,3787.4,3766.33,3735.18,903562.94,5.48,0.15,3770.788,3829.809,3854.433,971961.54,957548.98,1030660.8
2018-04-20,3801.21,3815.44,3760.85,3750.1,992829.25,-50.99,-1.34,3779.294,3838.469,3867.134,989684.49,951298.14,1030030.28
2018-04-19,3774.78,3824.03,3811.84,3767.8,990540.62,45.56,1.21,3801.352,3847.87,3882.144,934207.04,940745.83,1029193.56
2018-04-18,3785.31,3789.66,3766.28,3708.11,1066767.0,17.64,0.47,3818.712,3852.934,3895.437,901497.89,936829.13,1019969.17
2018-04-17,3812.87,3822.63,3748.64,3745.44,906107.88,-60.22,-1.58,3853.124,3864.998,3910.835,912010.54,941395.09,1007382.26
2018-04-16,3862.47,3869.16,3808.86,3789.61,992177.69,-62.28,-1.61,3888.83,3879.984,3926.224,943136.41,948296.58,1004524.96
2018-04-13,3920.74,3929.95,3871.14,3866.19,715442.0,-27.5,-0.7,3897.644,3888.503,3940.589,912911.8,965707.87,998996.66
2018-04-12,3935.67,3937.78,3898.64,3896.18,826994.88,-39.7,-1.01,3894.388,3885.661,3950.699,947284.61,995658.57,1012731.26
2018-04-11,3934.17,3958.71,3938.34,3924.96,1119330.25,11.17,0.28,3887.156,3887.124,3960.33,972160.37,1026659.8,1027264.73
2018-04-10,3860.72,3927.42,3927.17,3851.8,1061737.25,74.24,1.93,3876.872,3881.279,3969.796,970779.65,1029865.9,1041751.58
2018-04-09,3851.95,3870.67,3852.93,3827.41,841054.62,-1.93,-0.05,3871.138,3879.056,3978.881,953456.74,1103772.62,1045515.63
2018-04-04,3873.63,3898.61,3854.86,3852.5,887306.06,-7.62,-0.2,3879.362,3895.798,3990.115,1018503.94,1108762.42,1049040.8
2018-04-03,3850.15,3878.15,3862.48,3839.93,951373.69,-24.44,-0.63,3876.934,3916.417,3999.204,1044032.54,1117641.3,1058151.71
2018-04-02,3897.01,3937.02,3886.92,3882.89,1112426.62,-11.58,-0.3,3887.092,3937.939,4009.408,1081159.22,1103109.21,1079964.25
2018-03-30,3893.75,3915.35,3898.5,3879.21,975122.69,4.45,0.11,3885.686,3956.672,4015.967,1088952.15,1073369.43,1068319.2
2018-03-29,3854.59,3913.96,3894.05,3794.26,1166290.62,51.33,1.34,3886.974,3972.464,4021.865,1254088.51,1060753.35,1067645.56
2018-03-28,3865.05,3907.28,3842.72,3835.88,1014949.06,-70.55,-1.8,3912.234,3992.675,4029.617,1199020.9,1032285.44,1064430.96
2018-03-27,3927.49,3936.78,3913.27,3881.87,1137007.12,33.38,0.86,3955.9,4015.737,4038.663,1191250.06,1029803.94,1068355.3
2018-03-26,3862.69,3883.9,3879.89,3829.92,1151391.25,-25.05,-0.64,3988.786,4033.535,4045.949,1125059.2,1027869.66,1074472.18
2018-03-23,3896.74,3928.51,3904.94,3834.94,1800804.5,-115.41,-2.87,4027.658,4058.313,4057.875,1057786.71,1053637.27,1085843.12
2018-03-22,4062.07,4072.38,4020.35,4003.72,890952.56,-40.7,-1.0,4057.954,4078.706,4066.183,867418.19,987258.63,1045532.26
2018-03-21,4097.02,4110.12,4061.05,4046.24,976094.88,-16.65,-0.41,4073.116,4084.431,4067.802,865549.99,989319.19,1053890.42
2018-03-20,4045.74,4080.19,4077.7,4040.31,806052.81,3.45,0.09,4075.574,4081.991,4063.097,868357.82,998662.12,1040626.35
2018-03-19,4054.62,4074.52,4074.25,4033.52,815028.81,17.83,0.44,4078.284,4080.877,4055.994,930680.11,1056819.29,1056606.65
2018-03-16,4096.89,4110.05,4056.42,4055.82,848961.88,-39.74,-0.97,4088.968,4075.262,4046.786,1049487.83,1063268.96,1073946.53
2018-03-15,4058.71,4098.99,4096.16,4058.71,881611.56,22.82,0.56,4099.458,4071.266,4035.998,1107099.07,1074537.77,1134673.35
2018-03-14,4076.06,4089.09,4073.34,4066.49,990134.06,-17.91,-0.44,4095.746,4066.559,4031.792,1113088.39,1096576.47,1170227.76
2018-03-13,4124.33,4130.28,4091.25,4087.56,1117664.25,-36.42,-0.88,4088.408,4061.589,4030.65,1128966.42,1106906.65,1222284.8
2018-03-12,4130.71,4139.53,4127.67,4112.77,1409067.38,18.8,0.46,4083.47,4058.362,4033.532,1182958.47,1121074.7,1273856.82
2018-03-09,4088.07,4110.67,4108.87,4076.45,1137018.12,31.27,0.77,4061.556,4057.437,4040.856,1077050.1,1118048.96,1284077.35
2018-03-08,4038.95,4078.23,4077.6,4029.71,911558.12,40.95,1.01,4043.074,4053.659,4048.974,1041976.47,1103805.89,1300259.85
2018-03-07,4063.5,4089.7,4036.65,4027.94,1069524.25,-29.91,-0.74,4037.372,4051.172,4057.389,1080064.55,1118461.66,1349683.42
2018-03-06,4034.99,4067.55,4066.56,3998.93,1387624.5,48.46,1.21,4034.77,4044.203,4069.352,1084846.88,1082590.57,1368812.29
2018-03-05,4021.66,4042.83,4018.1,3995.87,879525.5,1.64,0.04,4033.254,4031.11,4078.829,1059190.93,1056394.01,1368948.42
2018-03-02,4014.95,4044.42,4016.46,4006.94,961650.0,-32.63,-0.81,4053.318,4018.31,4093.025,1159047.83,1084624.1,1420522.32
2018-03-01,3994.87,4061.03,4049.09,3986.89,1101998.5,25.45,0.63,4064.244,4000.729,4111.267,1165635.31,1194808.92,1461053.44
2018-02-28,4016.79,4051.71,4023.64,3991.71,1093435.88,-35.34,-0.87,4064.972,3997.025,4127.066,1156858.76,1243879.06,1503640.99
2018-02-27,4120.87,4120.87,4058.98,4051.81,1259344.75,-59.44,-1.44,4053.636,3999.711,4145.379,1080334.26,1337662.96,1558878.65
2018-02-26,4093.4,4128.74,4118.42,4048.98,1378810.0,47.33,1.16,4028.966,4008.702,4161.56,1053597.09,1426638.93,1596845.21
2018-02-23,4061.75,4085.2,4071.09,4035.23,994587.44,18.36,0.45,3983.302,4024.275,4172.469,1010200.37,1450105.73,1615226.31
2018-02-22,4020.97,4058.79,4052.73,4009.92,1058115.75,85.77,2.16,3937.214,4044.289,4183.185,1223982.53,1496713.82,1670242.22
2018-02-14,3945.09,3971.4,3966.96,3923.13,710813.38,31.33,0.8,3929.078,4063.606,4194.119,1330899.35,1580905.18,1703352.86
2018-02-13,3925.6,3986.98,3935.63,3925.6,1125658.88,45.53,1.17,3945.786,4094.5,4208.177,1594991.65,1655034.0,1774967.7
2018-02-12,3846.27,3907.84,3890.1,3828.07,1161826.38,49.45,1.29,3988.438,4126.547,4224.319,1799680.78,1681502.84,1799432.24
2018-02-09,3896.17,3911.29,3840.65,3759.15,2063498.25,-171.4,-4.27,4065.248,4167.739,4241.076,1890011.1,1756420.55,1826794.87
2018-02-08,4022.88,4071.67,4012.05,3974.68,1592699.88,-38.45,-0.95,4151.364,4221.804,4260.294,1769445.1,1727297.96,1779297.36
2018-02-07,4205.74,4212.57,4050.5,4048.42,2031274.88,-98.39,-2.37,4198.134,4257.107,4269.971,1830911.0,1763402.93,1760451.63
2018-02-06,4182.33,4211.52,4148.89,4131.56,2149104.5,-125.26,-2.93,4243.214,4291.046,4277.836,1715076.35,1780094.34,1734448.72
2018-02-05,4204.46,4274.15,4274.15,4200.14,1613478.0,2.92,0.07,4264.656,4314.418,4279.857,1563324.9,1767051.48,1696510.64
2018-02-02,4213.94,4271.76,4271.23,4181.78,1460668.25,25.33,0.6,4270.23,4320.663,4274.157,1622830.0,1780346.88,1702775.58
2018-02-01,4276.34,4287.39,4245.9,4214.29,1900029.38,-30.0,-0.7,4292.244,4322.08,4267.533,1685150.83,1843770.63,1704247.1
2018-01-31,4234.11,4287.86,4275.9,4232.77,1452101.62,19.8,0.47,4316.08,4324.632,4261.679,1695894.85,1825800.54,1676517.53
2018-01-30,4286.68,4308.51,4256.1,4251.57,1390347.25,-45.92,-1.07,4338.878,4321.854,4253.453,1845112.33,1894901.4,1679838.56
2018-01-29,4387.06,4395.91,4302.02,4287.11,1911003.5,-79.28,-1.81,4364.18,4322.091,4245.018,1970778.05,1917361.64,1683788.91
2018-01-26,4352.22,4403.34,4381.3,4351.49,1772272.38,16.22,0.37,4371.096,4314.413,4231.46,1937863.75,1897169.19,1633482.08
2018-01-25,4381.98,4392.2,4365.08,4336.24,1953749.5,-24.81,-0.56,4351.916,4298.783,4213.34,2002390.43,1831296.75,1604139.9
2018-01-24,4389.45,4397.82,4389.89,4349.09,2198189.0,7.28,0.17,4333.184,4282.834,4194.646,1955706.23,1757500.34,1559029.22
2018-01-23,4346.89,4383.57,4382.61,4346.79,2018675.88,46.01,1.06,4304.83,4264.626,4177.833,1944690.48,1688803.1,1494679.16
2018-01-22,4276.48,4338.48,4336.6,4275.9,1746432.0,51.2,1.2,4280.002,4245.295,4160.779,1863945.22,1625969.81,1439708.85
2018-01-19,4281.94,4316.57,4285.4,4269.62,2094905.75,13.98,0.33,4257.73,4227.651,4146.679,1856474.62,1625204.27,1389124.09
2018-01-18,4259.38,4292.64,4271.42,4246.68,1720328.5,23.3,0.55,4245.65,4212.986,4135.802,1660203.07,1564723.57,1332796.84
2018-01-17,4261.78,4283.34,4248.12,4230.54,2143110.25,-10.35,-0.24,4232.484,4198.725,4123.755,1559294.45,1527234.52,1292082.67
2018-01-16,4215.62,4260.21,4258.47,4213.13,1614949.62,33.23,0.79,4224.422,4185.052,4113.116,1432915.72,1464775.71,1223691.65
2018-01-15,4229.84,4262.93,4225.24,4216.36,1709079.0,0.24,0.01,4210.588,4167.945,4099.457,1387994.4,1450216.19,1181870.86
2018-01-12,4205.14,4227.39,4225.0,4199.03,1113548.0,19.41,0.46,4197.572,4148.506,4087.238,1393933.92,1369794.97,1140939.1
2018-01-11,4197.11,4211.8,4205.59,4181.96,1215785.38,-2.22,-0.05,4180.322,4127.896,4077.295,1469244.07,1376983.06,1125646.13
2018-01-10,4187.2,4211.05,4207.81,4175.14,1511216.62,18.51,0.44,4164.966,4106.458,4069.52,1495174.6,1360558.09,1103629.93
2018-01-09,4157.54,4191.28,4189.3,4153.5,1390343.0,29.14,0.7,4145.682,4091.039,4059.931,1496635.7,1300555.22,1070238.46
2018-01-08,4140.85,4166.32,4160.16,4127.31,1738776.62,21.41,0.52,4125.302,4076.263,4053.941,1512437.97,1253447.88,1049295.78
2018-01-05,4133.34,4151.28,4138.75,4123.28,1490098.75,9.94,0.24,4099.44,4065.707,4046.102,1345656.01,1153043.9,1006998.38
2018-01-04,4114.12,4137.64,4128.81,4105.89,1345438.0,17.42,0.42,4075.47,4058.617,4037.717,1284722.04,1100870.11,977620.46
2018-01-03,4091.46,4140.05,4111.39,4088.73,1518522.12,23.99,0.59,4047.95,4048.785,4032.068,1225941.59,1056930.81,964991.66
2018-01-02,4045.21,4087.78,4087.4,4045.21,1469354.38,56.55,1.4,4036.396,4041.179,4028.507,1104474.74,982607.59,966109.09
2017-12-29,4022.88,4043.14,4030.85,4012.87,904866.81,11.95,0.3,4027.224,4030.968,4025.08,994457.79,913525.53,943964.99
2017-12-28,3993.0,4036.7,4018.9,3980.24,1185428.88,27.69,0.69,4031.974,4025.969,4023.444,960431.79,912083.23,947415.1
2017-12-27,4045.28,4047.74,3991.21,3986.74,1051535.75,-62.41,-1.54,4041.764,4026.694,4022.804,917018.19,874309.21,942135.33
2017-12-26,4040.62,4056.86,4053.62,4015.3,911187.88,12.08,0.3,4049.62,4032.582,4025.931,887920.04,846701.76,951835.36
2017-12-25,4057.42,4086.93,4041.54,4026.45,919269.62,-13.06,-0.32,4045.962,4028.822,4026.041,860740.44,839921.69,957305.02
2017-12-22,4064.91,4076.8,4054.6,4048.49,734736.81,-13.25,-0.33,4034.712,4031.618,4026.462,832593.26,845143.68,983069.17
2017-12-21,4023.08,4080.78,4067.85,4014.65,968360.88,37.36,0.93,4019.964,4026.496,4028.942,863734.68,860952.86,1011761.34
2017-12-20,4036.02,4044.85,4030.49,4015.63,906045.0,-4.84,-0.12,4011.624,4016.817,4030.669,831600.23,854370.81,1052416.91
2017-12-19,3985.82,4035.63,4035.33,3985.82,775289.88,50.04,1.26,4015.544,4015.35,4040.523,805483.49,873052.51,1100353.16
2017-12-18,3983.3,4008.07,3985.29,3967.93,778533.75,4.43,0.11,4011.682,4015.834,4049.642,819102.95,949610.6,1151764.08
2017-12-15,4018.73,4020.27,3980.86,3974.93,890443.88,-45.29,-1.12,4028.524,4019.191,4057.569,857694.09,974404.44,1181561.03
2017-12-14,4050.9,4057.62,4026.15,4013.85,807688.62,-23.94,-0.59,4033.028,4020.919,4064.568,858171.04,982746.97,1232930.89
2017-12-13,4013.83,4052.69,4050.09,4004.74,775461.31,34.07,0.85,4022.01,4018.914,4068.511,877141.4,1009961.46,1253238.67
2017-12-12,4068.51,4070.15,4016.02,4015.45,843387.19,-53.48,-1.31,4015.156,4019.28,4069.69,940621.54,1056968.96,1274783.45
2017-12-11,4006.88,4069.5,4069.5,4005.27,971489.44,66.12,1.65,4019.986,4023.26,4073.857,1080118.25,1074688.34,1304232.56
2017-12-08,3962.83,4014.14,4003.38,3955.44,892828.62,32.32,0.81,4009.858,4021.305,4076.785,1091114.8,1120994.66,1331381.25
2017-12-07,4003.58,4017.95,3971.06,3955.99,902540.44,-44.76,-1.11,4008.81,4031.387,4082.212,1107322.9,1162569.83,1357648.4
2017-12-06,4027.12,4031.75,4015.82,3964.81,1092862.0,-24.35,-0.6,4015.818,4044.521,4087.454,1142781.51,1250463.01,1373049.54
2017-12-05,4007.94,4045.93,4040.17,4006.54,1540870.75,21.31,0.53,4023.404,4065.696,4089.063,1173316.39,1327653.81,1393820.31
2017-12-04,3989.05,4032.99,4018.86,3982.32,1026472.19,20.72,0.52,4026.534,4083.449,4089.767,1069258.43,1353917.56,1392835.1
2017-12-01,4003.56,4027.11,3998.14,3984.38,973869.12,-7.96,-0.2,4032.752,4095.946,4089.869,1150874.51,1388717.61,1402552.07
2017-11-30,4034.01,4052.8,4006.1,3988.0,1079833.5,-47.65,-1.18,4053.964,4108.217,4089.597,1217816.76,1483114.82,1418560.83
2017-11-29,4061.35,4069.24,4053.75,4004.69,1245536.38,-2.07,-0.05,4073.224,4118.108,4089.148,1358144.51,1496515.88,1427619.45
2017-11-28,4034.21,4056.48,4055.82,4010.3,1020580.94,5.87,0.14,4107.988,4120.1,4086.292,1481991.24,1492597.94,1430551.32
2017-11-27,4088.93,4088.93,4049.95,4037.15,1434552.62,-54.25,-1.32,4140.364,4124.453,4083.837,1638576.7,1533776.79,1434111.66
2017-11-24,4089.47,4116.59,4104.2,4057.49,1308580.38,1.8,0.04,4159.14,4132.265,4081.825,1626560.7,1541767.84,1441077.82
2017-11-23,4213.38,4214.19,4102.4,4086.9,1781472.25,-125.17,-2.96,4162.47,4133.036,4077.714,1748412.87,1552726.96,1438985.23
2017-11-22,4228.37,4260.64,4227.57,4191.15,1864770.0,9.87,0.23,4162.992,4130.386,4072.273,1634887.25,1495636.07,1414859.35
2017-11-21,4131.85,4220.26,4217.7,4129.98,1803508.25,73.87,1.78,4132.212,4112.43,4059.742,1503204.65,1459986.8,1365723.58
2017-11-20,4093.73,4144.51,4143.83,4060.96,1374472.62,22.98,0.56,4108.542,4096.085,4046.827,1428976.87,1431752.64,1322077.24
2017-11-17,4094.08,4122.38,4120.85,4081.37,1917841.25,15.84,0.39,4105.39,4083.791,4036.175,1456974.97,1416386.54,1294096.1
2017-11-16,4063.49,4107.62,4105.01,4062.27,1213844.12,31.34,0.77,4103.602,4070.976,4026.475,1357041.05,1354006.85,1234694.13
2017-11-15,4084.21,4102.81,4073.67,4055.72,1206357.0,-25.68,-0.63,4097.78,4060.188,4017.787,1356384.9,1358723.01,1227265.55
2017-11-14,4129.27,4133.55,4099.35,4086.89,1432369.38,-28.72,-0.7,4092.648,4052.483,4011.312,1416768.95,1368504.69,1217432.62
2017-11-13,4115.55,4137.65,4128.07,4115.55,1514463.12,16.16,0.39,4083.628,4043.22,4001.998,1434528.4,1334446.52,1186934.76
2017-11-10,4070.28,4116.71,4111.91,4067.66,1418171.62,36.01,0.88,4062.192,4031.385,3991.267,1375798.1,1340387.81,1171889.13
2017-11-09,4043.07,4076.61,4075.9,4038.4,1210563.38,27.89,0.69,4038.35,4022.391,3981.721,1350972.65,1325243.5,1146051.58
2017-11-08,4051.49,4089.15,4048.01,4040.58,1508277.25,-6.24,-0.15,4022.596,4014.159,3973.574,1361061.12,1334082.62,1132693.87
2017-11-07,4022.4,4064.22,4054.25,4021.36,1521166.62,33.36,0.83,4012.318,4007.053,3966.308,1320240.42,1271460.36,1109489.08
2017-11-06,3989.18,4021.64,4020.89,3975.41,1220811.62,28.19,0.71,4002.812,3997.568,3958.088,1234364.65,1212401.85,1089697.05
2017-11-03,3992.35,3999.34,3992.7,3963.03,1294044.38,-4.43,-0.11,4000.578,3988.559,3951.154,1304977.53,1171805.67,1096424.39
2017-11-02,3994.09,3999.23,3997.13,3971.38,1261005.75,0.51,0.01,4006.432,3981.974,3943.344,1299514.35,1115381.41,1078375.18
2017-11-01,4007.91,4032.46,3996.62,3991.32,1304173.75,-10.1,-0.25,4005.722,3975.386,3934.615,1307104.12,1095808.09,1062096.93
2017-10-31,3995.39,4009.28,4006.72,3983.26,1091787.75,-3.0,-0.07,4001.788,3970.14,3925.844,1222680.29,1066360.56,1039716.15
2017-10-30,4022.16,4033.34,4009.72,3960.27,1573876.0,-12.25,-0.3,3992.324,3960.775,3916.547,1190439.05,1039423.01,1026061.47
2017-10-27,3992.55,4024.46,4021.97,3991.35,1266728.5,28.39,0.71,3976.54,3951.148,3906.95,1038633.81,1003390.44,999342.15
2017-10-26,3980.05,4013.6,3993.58,3973.55,1298954.62,16.63,0.42,3957.516,3941.051,3897.738,931248.47,966859.66,986315.63
2017-10-25,3958.17,3978.09,3976.95,3954.0,882054.56,17.55,0.44,3945.05,3932.988,3889.95,884512.05,931305.12,976916.99
2017-10-24,3926.23,3959.5,3959.4,3922.03,930581.56,28.6,0.73,3938.492,3925.562,3883.225,910040.82,947517.81,983379.04
2017-10-23,3930.89,3936.27,3930.8,3920.66,814849.81,3.95,0.1,3929.226,3918.608,3876.861,888406.96,966992.25,993066.45
2017-10-20,3918.53,3928.96,3926.85,3910.2,729801.81,-4.4,-0.11,3925.756,3913.749,3872.478,968147.08,1021043.11,1011291.16
2017-10-19,3940.58,3944.03,3931.25,3923.65,1065272.5,-12.91,-0.33,3924.586,3904.714,3867.7,1002470.85,1041368.96,1036014.57
2017-10-18,3914.82,3944.41,3944.16,3914.82,1009698.44,31.09,0.8,3920.926,3893.843,3862.636,978098.19,1028385.78,1040430.24
2017-10-17,3910.79,3924.61,3913.07,3900.48,822412.25,-0.38,-0.01,3912.632,3881.547,3857.558,984994.8,1013071.75,1037650.71
2017-10-16,3926.28,3947.42,3913.45,3913.32,1213550.38,-7.55,-0.19,3907.99,3872.318,3853.801,1045577.53,1012699.93,1068625.22
2017-10-13,3912.98,3927.17,3921.0,3908.89,901420.69,8.05,0.21,3901.742,3862.752,3849.411,1073939.15,995293.86,1069889.7
2017-10-12,3902.02,3917.44,3912.95,3897.55,943409.19,10.26,0.26,3884.842,3854.425,3844.661,1080267.06,1005771.59,1077836.91
2017-10-11,3886.82,3913.07,3902.69,3885.5,1044181.5,12.83,0.33,3866.76,3846.912,3840.507,1078673.36,1022528.86,1092608.54
2017-10-10,3883.0,3900.74,3889.86,3855.47,1125325.88,7.65,0.2,3850.462,3840.887,3837.845,1041148.69,1019240.26,1106098.83
2017-10-09,3910.11,3918.84,3882.21,3876.03,1355358.5,45.71,1.19,3836.646,3835.113,3836.204,979822.32,1019140.66,1112314.61
2017-09-29,3825.2,3852.22,3836.5,3825.2,933060.25,13.96,0.36,3823.762,3831.206,3834.375,916648.57,1001539.21,1119329.85
2017-09-28,3821.59,3827.33,3822.54,3813.75,935440.69,1.34,0.04,3824.008,3830.686,3834.077,931276.12,1030660.18,1151999.59
2017-09-27,3818.96,3832.57,3821.2,3818.81,856558.12,0.42,0.01,3827.064,3831.428,3834.054,966384.36,1052474.7,1171700.03
2017-09-26,3810.33,3821.69,3820.78,3808.38,818694.06,2.99,0.08,3831.312,3833.569,3834.709,997331.83,1062229.68,1199548.55
2017-09-25,3829.22,3835.39,3817.79,3811.12,1039489.75,-19.94,-0.52,3833.58,3835.284,3835.397,1058458.99,1124550.51,1222727.39
2017-09-22,3826.46,3842.25,3837.73,3816.82,1006198.0,-0.09,-0.0,3838.65,3836.07,3836.643,1086429.84,1144485.53,1263541.06
2017-09-21,3843.26,3860.8,3837.82,3837.38,1110981.88,-4.62,-0.12,3837.364,3834.896,3834.544,1130044.24,1149902.23,1278201.61
2017-09-20,3830.15,3850.94,3842.44,3827.89,1011295.44,10.32,0.27,3835.792,3834.101,3829.386,1138565.04,1162688.22,1267626.2
2017-09-19,3849.88,3857.3,3832.12,3820.29,1124329.88,-11.02,-0.29,3835.826,3834.802,3825.068,1127127.53,1192957.4,1269542.22
2017-09-18,3832.96,3862.36,3843.14,3832.96,1179344.0,11.84,0.31,3836.988,3837.295,3821.077,1190642.03,1205488.56,1263472.15
2017-09-15,3826.14,3843.3,3831.3,3818.52,1224270.0,1.34,0.04,3833.49,3837.543,3815.97,1202541.23,1237120.49,1254661.49
2017-09-14,3843.57,3854.49,3829.96,3820.09,1153585.88,-12.65,-0.33,3832.428,3837.467,3810.638,1169760.23,1273339.0,1241728.84
2017-09-13,3835.55,3847.78,3842.61,3822.94,954107.88,4.68,0.12,3832.41,3836.68,3805.204,1186811.4,1290925.35,1238377.68
2017-09-12,3832.24,3849.39,3837.93,3822.0,1441902.38,12.28,0.32,3833.778,3835.849,3798.145,1258787.28,1336867.43,1242739.35
2017-09-11,3828.34,3850.74,3825.65,3817.51,1238840.0,-0.34,-0.01,3837.602,3835.51,3791.551,1220335.1,1320904.26,1223866.67
2017-09-08,3830.07,3843.02,3825.99,3813.98,1060365.0,-3.88,-0.1,3841.596,3837.216,3785.003,1271699.75,1382596.59,1219578.89
2017-09-07,3851.69,3858.16,3829.87,3828.84,1238841.75,-19.58,-0.51,3842.506,3834.192,3776.071,1376917.77,1406500.99,1241754.35
2017-09-06,3846.75,3858.25,3849.45,3831.38,1313987.25,-7.6,-0.2,3840.95,3824.67,3770.373,1395039.3,1372564.19,1244854.83
2017-09-05,3845.55,3865.29,3857.05,3841.95,1249641.5,11.43,0.3,3837.92,3815.334,3764.453,1414947.57,1346127.04,1241495.46
2017-09-04,3828.54,3847.09,3845.62,3813.55,1495663.25,15.08,0.39,3833.418,3804.859,3758.211,1421473.42,1321455.74,1247634.35
2017-09-01,3825.34,3843.62,3830.54,3818.16,1586455.12,8.45,0.22,3832.836,3794.396,3752.269,1493493.42,1272202.49,1234966.95
2017-08-31,3835.84,3840.2,3822.09,3800.89,1329449.38,-12.21,-0.32,3825.878,3783.809,3746.121,1436084.2,1210118.69,1234379.22
2017-08-30,3834.27,3854.71,3834.3,3827.86,1413528.62,-0.24,-0.01,3808.39,3773.728,3741.408,1350089.07,1185830.0,1240983.73
2017-08-29,3839.18,3847.93,3834.54,3825.76,1282270.75,-8.17,-0.21,3792.748,3760.44,3737.736,1277306.5,1148611.28,1256453.99
2017-08-28,3805.66,3866.94,3842.71,3805.66,1855763.25,46.96,1.24,3776.3,3747.592,3734.528,1221438.06,1126829.07,1268613.72
2017-08-25,3736.29,3795.97,3795.75,3736.29,1299409.0,61.1,1.64,3755.956,3732.789,3729.286,1050911.56,1056561.19,1250040.08
2017-08-24,3755.89,3765.71,3734.65,3729.09,899473.75,-21.44,-0.57,3741.74,3717.949,3725.593,984153.17,1077007.72,1240775.32
2017-08-23,3747.61,3772.46,3756.09,3741.72,1049615.75,3.79,0.1,3739.066,3716.076,3724.47,1021570.92,1117145.47,1268303.09
2017-08-22,3745.75,3758.29,3752.3,3734.56,1002928.56,11.31,0.3,3728.132,3713.571,3721.935,1019916.06,1136863.88,1283984.9
2017-08-21,3731.84,3744.26,3740.99,3728.62,1003130.75,16.32,0.44,3718.884,3711.562,3720.298,1032220.07,1173812.95,1294674.51
2017-08-18,3707.19,3733.49,3724.67,3700.41,965617.06,3.39,0.09,3709.622,3710.142,3720.422,1062210.82,1197731.4,1311952.33
2017-08-17,3707.07,3722.62,3721.28,3704.41,1086562.5,19.86,0.54,3694.158,3708.433,3720.618,1169862.26,1258639.76,1322642.09
2017-08-16,3701.13,3707.14,3701.42,3679.73,1041341.44,-4.64,-0.12,3693.086,3709.088,3721.948,1212720.01,1296137.46,1339518.99
2017-08-15,3695.78,3719.29,3706.06,3692.28,1064448.62,11.38,0.31,3699.01,3715.031,3723.365,1253811.7,1364296.7,1378690.81
2017-08-14,3651.38,3698.37,3694.68,3651.38,1153084.5,47.33,1.3,3704.24,3721.463,3721.421,1315405.83,1410398.38,1387779.4
2017-08-11,3687.93,3700.49,3647.35,3645.09,1503874.25,-68.57,-1.84,3710.662,3725.782,3719.865,1333251.98,1443518.96,1419535.98
2017-08-10,3724.96,3746.86,3715.92,3688.18,1300851.25,-15.12,-0.41,3722.708,3733.236,3722.652,1347417.25,1404542.93,1397099.26
2017-08-09,3728.03,3739.0,3731.04,3713.57,1246799.88,-1.17,-0.03,3725.09,3732.863,3721.202,1379554.9,1419460.7,1394891.48
2017-08-08,3724.33,3737.33,3732.21,3718.81,1372419.25,5.42,0.14,3731.052,3730.298,3717.591,1474781.7,1431105.93,1393695.38
2017-08-07,3701.22,3730.78,3726.79,3689.96,1242315.25,19.21,0.52,3738.686,3729.033,3714.521,1505390.93,1415536.06,1384454.83
2017-08-04,3724.72,3738.73,3707.58,3707.0,1574700.62,-20.25,-0.54,3740.902,3730.701,3710.866,1553785.95,1426173.26,1382635.02
2017-08-03,3755.11,3766.35,3727.83,3718.44,1461539.5,-33.02,-0.88,3743.764,3732.803,3708.283,1461668.6,1386644.43,1355767.74
2017-08-02,3768.19,3784.35,3760.85,3759.28,1722933.88,-9.53,-0.25,3740.636,3734.808,3704.897,1459366.5,1382900.51,1333880.39
2017-08-01,3738.74,3770.4,3770.38,3737.1,1525465.38,32.51,0.87,3729.544,3731.698,3699.838,1387430.15,1393084.91,1291849.9
2017-07-31,3722.43,3746.52,3737.87,3713.66,1484290.38,15.98,0.43,3719.38,3721.378,3692.318,1325681.2,1365160.43,1263112.34
2017-07-28,3703.49,3725.54,3721.89,3696.78,1114113.88,9.7,0.26,3720.5,3713.947,3687.967,1298560.57,1395552.99,1233308.25
2017-07-27,3700.86,3716.69,3712.19,3672.5,1450029.0,6.8,0.18,3721.842,3712.067,3685.213,1311620.25,1389655.6,1218357.57
2017-07-26,3722.88,3738.53,3705.39,3684.18,1363252.12,-14.17,-0.38,3728.98,3709.54,3683.045,1306434.52,1370322.25,1188650.87
2017-07-25,3742.64,3752.16,3719.56,3713.28,1216720.62,-23.91,-0.64,3733.852,3704.883,3680.084,1398739.68,1356284.83,1169448.69
2017-07-24,3724.38,3755.19,3743.47,3719.85,1348687.25,14.87,0.4,3723.376,3700.008,3677.842,1404639.65,1353373.59,1157392.01
2017-07-21,3738.18,3751.69,3728.6,3722.07,1179412.25,-19.28,-0.51,3707.394,3691.03,3674.073,1492545.4,1339096.78,1157276.65
2017-07-20,3725.14,3750.19,3747.88,3723.07,1424100.38,18.13,0.49,3702.292,3683.763,3668.787,1467690.95,1324891.05,1150870.61
2017-07-19,3660.87,3731.05,3729.75,3658.2,1824777.88,62.57,1.71,3690.1,3674.985,3660.91,1434209.98,1284860.26,1147429.08
2017-07-18,3648.49,3667.54,3667.18,3622.04,1246220.5,3.62,0.1,3675.914,3667.978,3653.82,1313829.98,1190614.89,1100120.1
2017-07-17,3700.62,3716.47,3663.56,3621.37,1788216.0,-39.53,-1.07,3676.64,3663.258,3647.786,1302107.53,1161064.26,1078063.85
2017-07-14,3682.62,3703.09,3703.09,3672.74,1055140.0,16.17,0.44,3674.666,3661.987,3642.291,1185648.15,1071063.52,1028551.63
2017-07-13,3656.35,3690.48,3686.92,3652.57,1256695.5,28.1,0.77,3665.234,3658.358,3633.075,1182091.15,1047059.54,1014020.98
2017-07-12,3672.63,3691.58,3658.82,3640.59,1222877.88,-11.99,-0.33,3659.87,3656.549,3625.168,1135510.54,1006979.49,992502.47
2017-07-11,3646.88,3701.21,3670.81,3645.99,1187608.25,17.12,0.47,3660.042,3655.284,3618.992,1067399.81,982612.56,973263.97
2017-07-10,3647.94,3667.85,3653.69,3641.53,1205919.12,-2.24,-0.06,3649.876,3655.675,3614.565,1020020.99,961410.44,951472.13
2017-07-07,3647.64,3657.11,3655.93,3631.87,1037355.0,-4.17,-0.11,3649.308,3657.115,3610.6,956478.89,975456.52,936366.75
2017-07-06,3654.56,3666.77,3660.1,3629.56,1023792.44,0.42,0.01,3651.482,3653.81,3606.612,912027.94,976850.16,935093.13
2017-07-05,3611.9,3660.73,3659.68,3610.46,882324.25,39.7,1.1,3653.228,3646.834,3601.656,878448.45,1009997.91,929015.97
2017-07-04,3646.83,3646.85,3619.98,3611.69,950714.12,-30.87,-0.85,3650.526,3639.662,3595.366,897825.31,1009625.31,937109.74
2017-07-03,3667.23,3667.6,3650.85,3633.78,888208.62,-15.95,-0.43,3661.474,3632.313,3589.011,902799.89,995063.45,921618.73
2017-06-30,3654.73,3669.76,3666.8,3646.23,815100.25,-2.03,-0.06,3664.922,3622.595,3579.906,994434.16,986039.73,917077.37
2017-06-29,3649.25,3669.13,3668.83,3644.73,855895.0,22.66,0.62,3656.138,3607.791,3570.891,1041672.39,980982.41,917656.36
2017-06-28,3664.16,3672.19,3646.17,3644.03,979208.56,-28.55,-0.78,3640.44,3593.787,3562.337,1141547.36,978025.45,926425.48
2017-06-27,3665.58,3676.53,3674.72,3648.76,975587.0,6.63,0.18,3628.798,3582.7,3554.672,1121425.3,963915.38,929879.92
2017-06-26,3627.02,3671.94,3668.09,3627.02,1346380.0,45.21,1.25,3603.152,3573.455,3544.958,1087327.01,941533.81,932721.14
2017-06-23,3583.44,3623.24,3622.88,3569.32,1051291.38,32.54,0.91,3580.268,3564.085,3535.836,977645.3,897276.98,930762.96
2017-06-22,3583.56,3635.53,3590.34,3581.34,1355269.88,2.38,0.07,3559.444,3559.414,3525.901,920292.44,893336.11,919974.97
2017-06-21,3567.13,3587.99,3587.96,3545.57,878598.25,41.47,1.17,3547.134,3556.478,3517.593,814503.54,848034.03,910666.99
2017-06-20,3560.79,3563.7,3546.49,3539.51,805095.56,-7.18,-0.2,3536.602,3551.069,3508.757,806405.45,864594.17,913006.86
2017-06-19,3520.06,3554.91,3553.67,3520.06,797971.44,34.91,0.99,3543.758,3545.708,3501.625,795740.61,848174.0,908488.84
2017-06-16,3522.97,3536.14,3518.76,3514.39,764527.06,-10.03,-0.28,3547.902,3537.216,3493.847,816908.66,848115.01,911470.07
2017-06-15,3530.75,3542.28,3528.79,3508.95,826325.38,-6.51,-0.18,3559.384,3533.991,3488.408,866379.78,854330.31,923112.13
2017-06-14,3571.25,3571.25,3535.3,3530.27,838107.81,-46.97,-1.31,3565.822,3530.886,3483.401,881564.51,874825.5,934417.07
2017-06-13,3569.16,3584.41,3582.27,3559.21,751771.38,7.88,0.22,3565.536,3526.644,3476.595,922782.89,895844.46,934000.48
2017-06-12,3570.22,3603.69,3574.39,3565.9,903811.69,-1.78,-0.05,3547.658,3516.46,3466.751,900607.39,923908.48,943105.15
2017-06-09,3561.24,3590.89,3576.17,3560.63,1011882.62,15.19,0.43,3526.53,3507.587,3455.864,879321.35,964248.93,952541.01
2017-06-08,3531.24,3562.27,3560.98,3528.18,902249.06,27.11,0.77,3508.598,3492.387,3443.94,842280.85,946613.83,947988.19
2017-06-07,3493.88,3537.09,3533.87,3491.13,1044199.69,40.99,1.17,3495.95,3478.708,3433.518,868086.49,973299.96,941261.57
2017-06-06,3464.38,3492.88,3492.88,3460.45,640893.88,24.13,0.7,3487.752,3466.445,3424.765,868906.04,961419.55,950926.23
2017-06-05,3480.17,3484.12,3468.75,3462.31,797381.5,-17.76,-0.51,3485.262,3457.542,3419.248,947209.56,968803.69,973829.21
2017-06-02,3491.59,3498.12,3486.51,3470.2,826680.12,-11.23,-0.32,3488.644,3450.478,3416.03,1049176.51,974825.13,985701.17
2017-06-01,3485.22,3499.81,3497.74,3476.43,1031277.25,4.86,0.14,3476.176,3442.824,3412.361,1050946.81,991893.95,990201.98
2017-05-31,3495.07,3515.08,3492.88,3474.92,1048297.44,12.45,0.36,3461.466,3435.915,3408.803,1078513.44,994008.64,985036.84
2017-05-26,3479.62,3498.31,3480.43,3473.04,1032411.5,-5.23,-0.15,3445.138,3426.546,3406.147,1053933.06,972156.51,983438.15
2017-05-25,3414.4,3490.42,3485.66,3413.22,1307216.25,61.49,1.8,3429.822,3417.041,3404.461,990397.81,962301.83,993466.79
2017-05-24,3409.72,3424.17,3424.17,3383.89,835531.62,-0.02,-0.0,3412.312,3404.14,3402.437,900473.74,940833.09,984075.99
2017-05-23,3405.03,3434.77,3424.19,3401.53,1169110.38,12.95,0.38,3409.472,3395.493,3403.277,932841.09,949362.55,989335.48
2017-05-22,3400.59,3424.18,3411.24,3391.17,925395.56,7.39,0.22,3410.364,3388.327,3403.631,909503.84,909223.18,988210.35
2017-05-19,3395.23,3405.94,3403.85,3392.38,714735.25,5.74,0.17,3407.954,3383.084,3406.408,890379.95,940432.91,994150.13
2017-05-18,3387.67,3409.93,3398.11,3383.94,857595.88,-11.86,-0.35,3404.26,3380.954,3409.293,934205.84,978854.73,1015505.48
2017-05-17,3423.19,3433.97,3409.97,3408.15,997368.38,-18.68,-0.55,3395.968,3381.582,3411.682,981192.44,996577.21,1033300.31
2017-05-16,3390.93,3428.85,3428.65,3373.55,1052424.12,29.46,0.87,3381.514,3381.898,3414.32,965884.01,988510.0,1038895.81
2017-05-15,3391.59,3406.58,3399.19,3391.59,829776.12,13.81,0.41,3366.29,3381.691,3416.885,908942.53,976065.05,1044857.08
2017-05-12,3350.94,3387.27,3385.38,3349.17,933864.69,28.73,0.86,3358.214,3385.747,3421.25,990485.88,994719.79,1071105.31
2017-05-11,3322.95,3359.6,3356.65,3312.89,1092528.88,18.95,0.57,3357.648,3391.881,3427.71,1023503.62,1024631.75,1089402.98
2017-05-10,3350.65,3369.43,3337.7,3336.0,920826.25,-14.83,-0.44,3367.196,3400.734,3435.349,1011961.99,1027318.88,1125688.81
2017-05-09,3342.6,3358.05,3352.53,3327.59,767716.69,-6.28,-0.19,3382.282,3411.061,3444.331,1011135.99,1029308.41,1162620.42
2017-05-08,3369.11,3374.16,3358.81,3339.57,1237492.88,-23.74,-0.7,3397.092,3418.934,3451.961,1043187.58,1067197.53,1195178.27
2017-05-05,3393.48,3395.45,3382.55,3366.56,1098953.38,-21.84,-0.64,3413.28,3429.732,3459.894,998953.7,1047867.35,1203450.22
2017-05-04,3404.94,3421.4,3404.39,3391.28,1034820.75,-8.74,-0.26,3426.114,3437.632,3466.469,1025759.87,1052156.22,1216886.06
2017-05-03,3421.76,3432.22,3413.13,3403.08,916696.25,-13.45,-0.39,3434.272,3441.781,3471.444,1042675.77,1070023.41,1236844.52
2017-05-02,3427.92,3436.31,3426.58,3418.67,927974.62,-13.17,-0.38,3439.84,3446.742,3473.59,1047480.82,1089281.61,1236798.46
2017-04-28,3439.57,3439.9,3439.75,3417.24,1016323.5,-6.97,-0.2,3440.776,3452.078,3474.099,1091207.48,1113649.11,1248588.19
2017-04-27,3435.1,3449.27,3446.72,3399.54,1232984.25,1.54,0.04,3446.184,3456.753,3475.371,1096781.0,1147490.84,1250197.87
2017-04-26,3440.25,3466.57,3445.18,3439.15,1119400.25,4.21,0.12,3449.15,3463.538,3476.525,1078552.57,1154174.22,1230646.07
2017-04-25,3427.73,3449.67,3440.97,3422.65,940721.5,9.71,0.28,3449.29,3469.964,3478.168,1097371.05,1224058.74,1228183.74
2017-04-24,3458.23,3458.23,3431.26,3403.98,1146607.88,-35.53,-1.02,3453.644,3477.6,3480.6,1131082.4,1295932.42,1243970.58
2017-04-21,3461.39,3475.56,3466.79,3449.54,1044191.12,5.24,0.15,3463.38,3484.988,3482.136,1136090.75,1323159.01,1233799.22
2017-04-20,3444.52,3465.61,3461.55,3440.72,1141842.12,15.67,0.46,3467.322,3490.055,3481.299,1198200.67,1359033.1,1234057.62
2017-04-19,3452.99,3459.35,3445.88,3418.51,1213492.62,-16.86,-0.49,3477.926,3495.305,3481.539,1229795.87,1381615.89,1220819.44
2017-04-18,3474.89,3489.08,3462.74,3462.63,1109278.25,-17.2,-0.49,3490.638,3501.106,3481.725,1350746.42,1403665.64,1204511.97
2017-04-17,3475.74,3480.57,3479.94,3453.68,1171649.62,-6.56,-0.19,3501.556,3500.437,3480.879,1460782.45,1384315.31,1200925.84
2017-04-14,3516.81,3517.47,3486.5,3476.95,1354740.75,-28.07,-0.8,3506.596,3496.119,3480.957,1510227.28,1383527.27,1195510.31
2017-04-13,3500.28,3518.44,3514.57,3496.57,1299818.12,5.13,0.15,3512.788,3493.988,3479.814,1519865.53,1352904.9,1167325.75
2017-04-12,3514.57,3523.1,3509.44,3498.0,1818245.38,-7.89,-0.22,3512.684,3489.512,3476.92,1533435.9,1307117.91,1140873.83
2017-04-11,3503.83,3520.13,3517.33,3466.14,1659458.38,12.19,0.35,3511.574,3486.372,3474.353,1456584.85,1232308.74,1095803.62
2017-04-10,3519.46,3522.8,3505.14,3502.08,1418873.75,-12.32,-0.35,3499.318,3483.599,3469.881,1307848.16,1192008.74,1047838.8
2017-04-07,3514.45,3526.82,3517.46,3506.39,1402932.0,3.41,0.1,3485.642,3479.283,3465.971,1256827.26,1144439.43,1019180.31
2017-04-06,3507.99,3517.78,3514.05,3495.72,1367670.0,10.16,0.29,3475.188,3472.542,3462.535,1185944.27,1109082.13,988827.55
2017-04-05,3476.42,3504.54,3503.89,3475.15,1433990.12,47.84,1.38,3466.34,3467.772,3459.53,1080799.91,1060022.99,960611.41
2017-03-31,3434.82,3456.31,3456.05,3430.82,915774.94,19.29,0.56,3461.17,3462.344,3456.66,1008032.64,1005358.3,930447.34
2017-03-30,3461.62,3467.3,3436.76,3422.37,1163769.25,-28.43,-0.82,3467.88,3461.32,3455.25,1076169.33,1017536.37,925155.92
2017-03-29,3472.97,3483.06,3465.19,3455.55,1048517.06,-4.62,-0.13,3472.924,3465.795,3455.167,1032051.6,1007493.36,911916.5
2017-03-28,3480.25,3482.29,3469.81,3461.47,841948.19,-8.23,-0.24,3469.896,3465.64,3454.83,1032219.99,981746.61,911120.82
2017-03-27,3488.76,3505.98,3478.04,3474.52,1070153.75,-11.56,-0.33,3469.204,3464.328,3453.98,1039246.06,974629.75,906631.04
2017-03-24,3464.2,3499.32,3489.6,3461.11,1256458.38,27.62,0.8,3463.518,3462.334,3452.389,1002683.96,959298.5,902459.44
2017-03-23,3452.41,3470.82,3461.98,3435.69,943180.62,11.93,0.35,3454.76,3456.163,3451.601,958903.41,903668.86,887404.08
2017-03-22,3450.75,3464.33,3450.05,3433.5,1049359.0,-16.3,-0.47,3458.666,3452.659,3452.168,982935.11,893921.18,890013.22
2017-03-21,3449.77,3466.7,3466.35,3445.64,877078.56,16.74,0.48,3461.384,3452.527,3454.154,931273.22,868572.97,888953.26
2017-03-20,3449.05,3454.06,3449.61,3429.83,887343.25,3.8,0.11,3459.452,3451.288,3454.977,910013.43,861199.83,902520.34
2017-03-17,3485.31,3488.5,3445.81,3441.47,1037555.62,-35.7,-1.02,3461.15,3450.975,3456.066,915913.03,855536.39,924467.61
2017-03-16,3472.27,3492.13,3481.51,3472.27,1063339.12,17.87,0.52,3457.566,3449.18,3454.848,848434.31,832775.47,929889.85
2017-03-15,3452.21,3463.92,3463.64,3445.27,791049.56,6.95,0.2,3446.652,3444.539,3452.819,804907.25,816339.64,930861.37
2017-03-14,3456.66,3465.39,3456.69,3448.9,770779.62,-1.41,-0.04,3443.67,3444.019,3450.722,805872.71,840495.04,955130.56
2017-03-13,3425.67,3458.1,3458.1,3412.69,916841.25,30.21,0.88,3443.124,3443.631,3449.678,812386.23,838632.34,963996.31
2017-03-10,3423.98,3436.24,3427.89,3423.94,700162.0,0.95,0.03,3440.8,3442.443,3448.587,795159.74,845620.37,978226.52
2017-03-09,3442.9,3443.05,3426.94,3414.68,845703.81,-21.79,-0.63,3440.794,3447.039,3447.867,817116.64,871139.31,1005102.78
2017-03-08,3452.2,3457.04,3448.73,3441.26,795876.88,-5.23,-0.15,3442.426,3451.677,3446.334,827772.03,886105.26,1011596.85
2017-03-07,3446.16,3454.04,3453.96,3440.06,803347.19,7.48,0.22,3444.368,3455.78,3443.062,875117.36,909333.56,1009504.45
2017-03-06,3427.25,3449.03,3446.48,3425.9,830708.81,18.62,0.54,3444.138,3458.666,3438.648,864878.45,943840.85,1001214.32
2017-03-03,3424.66,3428.88,3427.86,3412.83,809946.5,-7.24,-0.21,3444.086,3461.157,3434.985,896081.01,993398.84,993939.56
2017-03-02,3463.48,3468.47,3435.1,3434.0,898980.75,-23.34,-0.68,3453.284,3460.515,3431.816,925161.97,1027004.22,981036.66
2017-03-01,3452.21,3472.7,3458.44,3449.11,1032603.56,5.63,0.16,3460.928,3461.098,3429.459,944438.48,1045383.11,968745.95
2017-02-28,3445.03,3460.91,3452.81,3441.36,752152.62,6.59,0.19,3467.192,3457.425,3425.332,943549.76,1069766.09,946304.24
2017-02-27,3471.13,3472.84,3446.22,3441.39,986721.62,-27.63,-0.8,3473.194,3455.724,3420.914,1022803.26,1089360.29,941793.72
2017-02-24,3468.96,3473.85,3473.85,3455.25,955351.31,0.53,0.01,3478.228,3454.73,3416.807,1090716.66,1110832.67,930236.39
2017-02-23,3487.57,3492.96,3473.32,3460.12,995363.31,-16.44,-0.47,3467.746,3448.694,3410.859,1128846.47,1139066.26,915119.05
2017-02-22,3483.2,3489.95,3489.76,3473.52,1028159.94,6.94,0.2,3461.268,3440.991,3403.658,1146327.74,1137088.44,898430.79
2017-02-21,3475.06,3490.09,3482.82,3472.02,1148420.12,11.43,0.33,3447.658,3430.344,3396.138,1195982.42,1109675.33,882334.41
2017-02-20,3421.64,3472.6,3471.39,3421.64,1326288.62,49.95,1.46,3438.254,3418.63,3388.315,1155917.32,1058587.78,859640.06
2017-02-17,3443.62,3457.56,3421.44,3419.61,1146000.38,-19.49,-0.57,3431.232,3408.812,3380.718,1130948.68,994480.28,872215.2
2017-02-16,3421.83,3440.93,3440.93,3418.35,1082769.62,19.22,0.56,3429.642,3403.117,3375.642,1149286.05,935069.1,857005.48
2017-02-15,3435.39,3448.03,3421.71,3417.08,1276433.38,-14.09,-0.41,3420.714,3397.82,3369.476,1127849.15,892108.79,843486.57
2017-02-14,3438.51,3440.67,3435.8,3424.4,948094.62,-0.48,-0.01,3413.03,3393.239,3365.116,1023368.24,822842.39,825200.62
2017-02-13,3416.92,3439.54,3436.28,3416.87,1201445.38,22.79,0.67,3399.006,3386.104,3361.239,961258.24,794227.15,819705.47
2017-02-10,3398.32,3422.33,3413.49,3398.03,1237687.25,17.2,0.51,3386.392,3378.884,3357.62,858011.88,749640.11,801487.17
2017-02-09,3381.9,3406.59,3396.29,3379.79,975585.12,13.0,0.38,3376.592,3373.024,3354.329,720852.16,691171.85,783332.36
2017-02-08,3361.78,3383.69,3383.29,3347.43,754028.81,17.61,0.52,3374.926,3366.324,3352.904,656368.43,659773.14,778721.28
2017-02-07,3371.77,3376.71,3365.68,3354.63,637544.62,-7.53,-0.22,3373.448,3361.932,3352.155,622316.53,654993.49,786045.26
2017-02-06,3368.11,3381.33,3373.21,3358.75,685213.62,8.72,0.26,3373.202,3358.0,3351.443,627196.06,660692.35,793861.08
2017-02-03,3390.93,3392.48,3364.49,3362.57,551888.62,-23.47,-0.69,3371.376,3352.624,3350.234,641268.34,749950.12,799897.05
2017-01-26,3378.26,3395.88,3387.96,3378.26,653166.5,12.06,0.36,3369.456,3348.166,3349.395,661491.54,778941.85,814485.78
2017-01-25,3361.66,3376.44,3375.9,3357.22,583769.31,11.45,0.34,3357.722,3341.132,3346.985,663177.85,794864.34,824568.23
2017-01-24,3363.14,3371.32,3364.45,3355.9,661942.25,0.37,0.01,3350.416,3336.992,3345.057,687670.44,827558.85,840621.5
2017-01-23,3359.05,3378.74,3364.08,3355.85,755575.0,9.19,0.27,3342.798,3336.374,3343.672,694188.64,845183.78,853384.3
2017-01-20,3326.98,3358.41,3354.89,3326.37,653004.62,25.6,0.77,3333.872,3336.356,3342.102,858631.91,853334.23,860908.09
2017-01-19,3330.95,3346.5,3329.29,3324.68,661598.06,-10.08,-0.3,3326.876,3335.634,3341.037,896392.16,875492.88,878233.38
2017-01-18,3323.34,3350.96,3339.37,3320.41,706232.25,13.01,0.39,3324.542,3339.484,3342.105,926550.83,897669.43,897927.5
2017-01-17,3305.6,3327.38,3326.36,3292.2,694533.25,6.91,0.21,3323.568,3342.378,3342.378,967447.25,917097.03,917097.03
2017-01-16,3314.15,3322.78,3319.45,3264.21,1577791.38,-0.46,-0.01,3329.95,3344.158,3344.158,996178.93,941826.33,941826.33
2017-01-13,3317.96,3338.17,3319.91,3309.37,841805.88,2.29,0.07,3338.84,3347.246,3347.246,848036.54,862330.7,862330.7
2017-01-12,3332.69,3343.13,3317.62,3315.96,812391.38,-16.88,-0.51,3344.392,3351.151,3351.151,854593.59,865262.82,865262.82
2017-01-11,3355.8,3366.63,3334.5,3334.3,910714.38,-23.77,-0.71,3354.426,3356.74,3356.74,868788.02,874074.73,874074.73
2017-01-10,3361.64,3370.51,3358.27,3354.09,838191.62,-5.63,-0.17,3361.188,3361.188,3361.188,866746.8,866746.8,866746.8
2017-01-09,3345.75,3366.22,3363.9,3344.35,837079.44,16.23,0.48,3361.918,3361.918,3361.918,873885.59,873885.59,873885.59
2017-01-06,3366.85,3368.87,3347.67,3346.89,874591.12,-20.12,-0.6,3361.257,3361.257,3361.257,886154.31,886154.31,886154.31
2017-01-05,3368.34,3373.41,3367.79,3361.46,883363.56,-0.52,-0.01,3368.05,3368.05,3368.05,891935.91,891935.91,891935.91
2017-01-04,3340.56,3369.57,3368.31,3338.15,900508.25,26.08,0.78,3368.31,3368.31,3368.31,900508.25,900508.25,900508.25
